id_hecho,cantidad_victimas,fecha,anio,mes,dia,hora,franja_horaria,lugar_hecho,tipo_calle,comuna,latitud,longitud,participantes,victima,acusado
2016-0001,1,2016-01-01,2016,1,1,4:00:00,4,AV PIEDRA BUENA Y AV FERNANDEZ DE LA CRUZ,AVENIDA,8,-34.68757022,-58.47533969,MOTO-AUTO,MOTO,AUTO
2016-0002,1,2016-01-02,2016,1,2,1:15:00,1,AV GRAL PAZ  Y AV DE LOS CORRALES,AVENIDA,9,-34.66977709,-58.50877521,AUTO-PASAJEROS,AUTO,PASAJEROS
2016-0003,1,2016-01-03,2016,1,3,7:00:00,7,AV ENTRE RIOS 2034,AVENIDA,1,-34.63189362,-58.39040293,MOTO-AUTO,MOTO,AUTO
2016-0004,1,2016-01-10,2016,1,10,0:00:00,0,AV LARRAZABAL Y GRAL VILLEGAS CONRADO,AVENIDA,8,-34.68092974,-58.46503904,MOTO-SD,MOTO,SD
2016-0005,1,2016-01-21,2016,1,21,5:20:00,5,AV SAN JUAN Y PRESIDENTE LUIS SAENZ PEÑA ,AVENIDA,1,-34.6224663,-58.38718297,MOTO-PASAJEROS,MOTO,PASAJEROS
2016-0008,1,2016-01-24,2016,1,24,18:30:00,18,AV 27 DE FEBRERO Y AV ESCALADA,AVENIDA,8,-34.68475866,-58.44451316,MOTO-OBJETO FIJO,MOTO,OBJETO FIJO
2016-0009,1,2016-01-24,2016,1,24,19:10:00,19,NOGOYA Y JOAQUIN V. GONZALES,CALLE,11,-34.6082544,-58.50095869,MOTO-AUTO,MOTO,AUTO
2016-0010,1,2016-01-29,2016,1,29,15:20:00,15,AV GENERAL PAZ Y AV DE LOS CORRALES,AVENIDA,9,-34.66977709,-58.50877521,MOTO-AUTO,MOTO,AUTO
2016-0012,1,2016-02-08,2016,2,8,1:20:00,1,AV BELGRANO Y BERNARDO DE IRIGOYEN,AVENIDA,1,-34.61303893,-58.38048577,MOTO-CARGAS,MOTO,CARGAS
2016-0013,1,2016-02-10,2016,2,10,11:30:00,11,AV ENTRE RIOS 1366,AVENIDA,1,-34.62477387,-58.39114932,PEATON-AUTO,PEATON,AUTO
2016-0015,1,2016-02-14,2016,2,14,5:14:00,5,AV SCALABRINI ORTIZ Y VERA,AVENIDA,15,-34.59912758,-58.4376002,PEATON-AUTO,PEATON,AUTO
2016-0016,1,2016-02-14,2016,2,14,22:00:00,22,AV REGIMIENTO DE PATRICIOS Y QUINQUELA MARTIN BENITO,AVENIDA,4,-34.64291993,-58.36882665,MOTO-AUTO,MOTO,AUTO
2016-0017,1,2016-02-15,2016,2,15,16:54:00,16,MARIANO ACOSTA Y ANA MARIA JANER,AVENIDA,8,-34.65970435,-58.44989671,PEATON-MOTO,PEATON,MOTO
2016-0019,1,2016-02-17,2016,2,17,9:30:00,9,LISANDRO DE LA TORRE Y SEVERO GARCIA GRANDE DE ZEQUEIRA ,CALLE,9,-34.65468721,-58.50990884,PEATON-PASAJEROS,PEATON,PASAJEROS
2016-0020,1,2016-02-17,2016,2,17,16:00:00,16,SUIPACHA 156,CALLE,1,-34.60653282,-58.37952223,PEATON-AUTO,PEATON,AUTO
2016-0021,1,2016-02-17,2016,2,17,23:35:00,23,AV DIRECTORIO Y CURAPALIGUE,AVENIDA,7,-34.63063795,-58.45157703,AUTO-AUTO,AUTO,AUTO
2016-0022,1,2016-02-21,2016,2,21,6:00:00,6,AV 9 DE JULIO Y ADOLFO ALSINA,AVENIDA,1,-34.61079875,-58.38144696,MOTO-AUTO,MOTO,AUTO
2016-0025,1,2016-02-28,2016,2,28,4:50:00,4,AV GRAL PAZ Y AV 27 DE FEBRERO,AVENIDA,8,-34.70524971,-58.46244952,AUTO-AUTO,AUTO,AUTO
2016-0026,1,2016-02-28,2016,2,28,7:30:00,7,HOLMBERG Y VEDIA,CALLE,12,-34.54738649,-58.49216191,AUTO-OBJETO FIJO,AUTO,OBJETO FIJO
2016-0027,1,2016-02-28,2016,2,28,9:35:00,9,CURAPALIGUE Y AVELINO DIAZ,AVENIDA,7,-34.63852623,-58.44497874,AUTO-AUTO,AUTO,AUTO
2016-0028,1,2016-03-02,2016,3,2,10:00:00,10,VIAMONTE Y AV 9 DE JULIO,AVENIDA,1,-34.60028648,-58.38199706,PEATON-CARGAS,PEATON,CARGAS
2016-0029,1,2016-03-04,2016,3,4,17:30:00,17,AV CABILDO Y DEHEZA,AVENIDA,12,-34.54153077,-58.47378664,PEATON-PASAJEROS,PEATON,PASAJEROS
2016-0031,1,2016-03-08,2016,3,8,12:30:00,12,AV GRAL PAZ Y AV CNEL ROCA,AVENIDA,8,-34.69843756,-58.47064556,MOTO-PASAJEROS,MOTO,PASAJEROS
2016-0034,1,2016-03-12,2016,3,12,12:30:00,12,AV AMANCIO ALCORTA Y BONAVENA,AVENIDA,4,-34.65076549,-58.40623949,PEATON-PASAJEROS,PEATON,PASAJEROS
2016-0035,1,2016-03-13,2016,3,13,6:00:00,6,AV CORRIENTES Y AV CALLAO,AVENIDA,3,-34.60443527,-58.39228965,MOTO-PASAJEROS,MOTO,PASAJEROS
2016-0036,1,2016-03-14,2016,3,14,0:15:00,0,HERRERA Y ARISTOBULO DEL VALLE,CALLE,4,-34.63668504,-58.37813396,MOTO-PASAJEROS,MOTO,PASAJEROS
2016-0037,1,2016-03-19,2016,3,19,11:00:00,11,AV. EVA PERON Y QUIRNO,AVENIDA,7,-34.64358293,-58.46275892,MOTO-MOTO,MOTO,MOTO
2016-0038,1,2016-03-21,2016,3,21,8:06:00,8,AV GRAL PAZ COLECTORA Y ZUVIRIA,AVENIDA,8,-34.67892743,-58.49683458,PEATON-PASAJEROS,PEATON,PASAJEROS
2016-0039,1,2016-03-23,2016,3,23,1:50:00,1,BARTOLOME MITRE Y AV PUEYRREDON,AVENIDA,3,-34.6088396,-58.40603217,MOTO-PASAJEROS,MOTO,PASAJEROS
2016-0041,2,2016-03-29,2016,3,29,11:00:00,11,AV DIRECTORIO Y RIVERA INDARTE,AVENIDA,7,-34.63350444,-58.4607655,MOTO-CARGAS,MOTO,CARGAS
2016-0043,1,2016-03-30,2016,3,30,18:15:00,18,DELLEPIANE LUIS TTE GRAL COLECTORA Y MURGUIONDO,AVENIDA,8,-34.67494416,-58.47832463,PEATON-CARGAS,PEATON,CARGAS
2016-0044,1,2016-03-31,2016,3,31,19:40:00,19,AV JOSE MARIA MORENO Y BALBASTRO,AVENIDA,7,-34.63693953,-58.43213235,MULTIPLE,MOTO,MULTIPLE
2016-0045,1,2016-04-11,2016,4,11,10:25:00,10,AV GRAL PAZ Y AV DEL LIBERTADOR,AVENIDA,13,-34.53476874,-58.46743471,MOTO-SD,MOTO,SD
2016-0047,1,2016-04-15,2016,4,15,5:30:00,5,LIMA 1483,CALLE,1,-34.62571878,-58.38247061,PEATON-PASAJEROS,PEATON,PASAJEROS
2016-0048,1,2016-04-15,2016,4,15,17:40:00,17,AV. CORRIENTES Y AV. DORREGO,AVENIDA,15,-34.5917024,-58.44759966,PEATON-PASAJEROS,PEATON,PASAJEROS
2016-0049,1,2016-04-17,2016,4,17,0:00:00,0,"AUTOPISTA 1 SUR PRESIDENTE ARTURO FRONDIZI KM. 0,700",AUTOPISTA,4,-34.63657525428238,-58.37714647568196,SD-SD,SD,SD
2016-0050,1,2016-04-19,2016,4,19,9:50:00,9,TIMOTEO GORDILLO Y AV FERNANDEZ DE LA CRUZ,AVENIDA,8,-34.68550712,-58.47305463,PEATON-PASAJEROS,PEATON,PASAJEROS
2016-0051,1,2016-04-20,2016,4,20,4:00:00,4,AV AMANCIO ALCORTA Y BONAVENA,AVENIDA,4,-34.65076549,-58.40623949,MOTO-CARGAS,MOTO,CARGAS
2016-0052,1,2016-04-20,2016,4,20,20:00:00,20,AUTOPISTA LUGONES PK 10000,AUTOPISTA,13,-34.548275,-58.438519,MOTO-SD,MOTO,SD
2016-0053,1,2016-04-22,2016,4,22,9:30:00,9,AV TRIUNVIRATO Y AV OLAZABAL,AVENIDA,12,-34.57558053,-58.4842918,PEATON-PASAJEROS,PEATON,PASAJEROS
2016-0054,1,2016-04-23,2016,4,23,21:00:00,21,AU LUIS DELLEPIANE Y AV GRAL PAZ,AUTOPISTA,8,-34.68795245,-58.48695354,MOTO-MOTO,MOTO,MOTO
2016-0055,1,2016-04-25,2016,4,25,20:30:00,20,RAMON CASTILLA Y AV FIGUEROA ALCORTA,AVENIDA,14,-34.57964781,-58.40021959,PEATON-CARGAS,PEATON,CARGAS
2016-0056,1,2016-04-26,2016,4,26,4:45:00,4,AV LUIS MARIA CAMPOS 30,AVENIDA,14,-34.57660058,-58.42957885,MOTO-OBJETO FIJO,MOTO,OBJETO FIJO
2016-0058,1,2016-05-04,2016,5,4,14:00:00,14,LIMA 1471,CALLE,1,-34.62556293,-58.38247542,PEATON-MOTO,PEATON,MOTO
2016-0059,1,2016-05-08,2016,5,8,16:30:00,16,PASAJE CIUDADELA Y LIMA OESTE,CALLE,1,-34.62728101,-58.38222219,PEATON-PASAJEROS,PEATON,PASAJEROS
2016-0064,1,2016-05-14,2016,5,14,18:11:00,18,AV JUAN B JUSTO Y AV CARRASCO,AVENIDA,10,-34.62953445,-58.49485242,PEATON-PASAJEROS,PEATON,PASAJEROS
2016-0065,1,2016-05-20,2016,5,20,14:40:00,14,AV GAONA Y ESPINOSA,AVENIDA,6,-34.61068024,-58.45227946,PEATON-AUTO,PEATON,AUTO
2016-0067,1,2016-05-21,2016,5,21,17:00:00,17,AV LISANDRO DE LA TORRE Y SARAZA,AVENIDA,8,-34.6751276,-58.48455411,MOTO-PASAJEROS,MOTO,PASAJEROS
2016-0068,1,2016-05-22,2016,5,22,22:00:00,22,AV FIGUEROA ALCORTA Y AV PUEYRREDON,AVENIDA,2,-34.58418569,-58.39056593,MOTO-PASAJEROS,MOTO,PASAJEROS
2016-0069,1,2016-05-23,2016,5,23,3:30:00,3,AV ENTRE RIOS Y PASAJE FILIBERTO,AVENIDA,3,-34.62704273,-58.39118948,AUTO-CARGAS,AUTO,CARGAS
2016-0073,1,2016-06-11,2016,6,11,15:00:00,15,MAGARIÑOS CERVANTES 3900,CALLE,10,-34.62025108,-58.49021952,MOTO-CARGAS,MOTO,CARGAS
2016-0074,1,2016-06-12,2016,6,12,6:40:00,6,AV GRAL PAZ Y RODOLFO SCAPINO,AVENIDA,8,-34.67732118,-58.49896559,AUTO-AUTO,AUTO,AUTO
2016-0075,1,2016-06-12,2016,6,12,23:13:00,23,AUTOPISTA DELLEPIANE LUIS TTE GRAL Y MIRALLA,AUTOPISTA,8,-34.66874679,-58.47461076,PEATON-AUTO,PEATON,AUTO
2016-0076,1,2016-06-13,2016,6,13,16:20:00,16,AV SAN MARTIN Y CAMARONES,AVENIDA,15,-34.60356211,-58.46210891,PEATON-PASAJEROS,PEATON,PASAJEROS
2016-0077,1,2016-06-13,2016,6,13,21:52:00,21,TTEG JUAN D PERON Y AVDA LEANDRO N ALEM,AVENIDA,1,-34.60536123,-58.3702777,PEATON-PASAJEROS,PEATON,PASAJEROS
2016-0078,1,2016-06-13,2016,6,13,23:01:00,23,AV BELGRANO Y AV JUJUY,AVENIDA,3,-34.6146383,-58.40491455,MOTO-MOTO,MOTO,MOTO
2016-0079,1,2016-06-16,2016,6,16,17:13:00,17,AV DEL LIBERTADOR Y AV GUILLERMO UDAONDO,AVENIDA,13,-34.54864492,-58.45504154,AUTO-AUTO,AUTO,AUTO
2016-0080,1,2016-06-18,2016,6,18,6:42:00,6,AV GRAL PAZ Y AV RIVADAVIA,AVENIDA,9,-34.63931752,-58.52927982,AUTO-SD,AUTO,SD
2016-0081,1,2016-06-22,2016,6,22,7:42:00,7,AV CRISOLOGO LARRALDE Y MACHAIN,AVENIDA,12,-34.55904606,-58.4872106,MOTO-AUTO,MOTO,AUTO
2016-0082,1,2016-06-27,2016,6,27,18:24:00,18,AV LA PLATA 2384,AVENIDA,4,-34.64228803,-58.42273092,PEATON-AUTO,PEATON,AUTO
2016-0083,1,2016-06-28,2016,6,28,20:46:00,20,AV JUAN B ALBERDI Y PUAN,AVENIDA,6,-34.62539009,-58.44788671,PEATON-MOTO,PEATON,MOTO
2016-0084,1,2016-06-29,2016,6,29,22:00:00,22,CARLOS PELLEGRINI Y TUCUMAN,CALLE,1,-34.60135531,-58.38110563,PEATON-PASAJEROS,PEATON,PASAJEROS
2016-0085,1,2016-06-29,2016,6,29,22:00:00,22,AVDA ITE FRANCISCO RABANAL & AVDA EREZCANO,AVENIDA,4,-34.657341,-58.42378834,MOTO-MOVIL,MOTO,OTRO
2016-0086,1,2016-06-30,2016,6,30,16:10:00,16,AV OLIVERA Y RAMON FALCON,AVENIDA,10,-34.63652467,-58.48727942,PEATON-PASAJEROS,PEATON,PASAJEROS
2016-0087,1,2016-07-02,2016,7,3,0:10:00,0,AUTOPISTA 1 SUR PTE ARTURO FRONDIZI Y AV CASEROS,AUTOPISTA,1,-34.62907067,-58.37864583,MOTO-OBJETO FIJO,MOTO,OBJETO FIJO
2016-0088,1,2016-07-11,2016,7,11,15:30:00,15,CERETTI Y NUÑEZ,CALLE,12,-34.56767549,-58.5015175,PEATON-AUTO,PEATON,AUTO
2016-0089,1,2016-07-14,2016,7,14,6:40:00,6,AV LUGONES Y LA PAMPA,AUTOPISTA,13,-34.55185825,-58.43233425,PEATON-AUTO,PEATON,AUTO
2016-0090,1,2016-07-14,2016,7,14,22:00:00,22,JERONIMO SALGUERO Y AV RIVADAVIA,AVENIDA,5,-34.6111224,-58.41971993,PEATON-PASAJEROS,PEATON,PASAJEROS
2016-0092,1,2016-07-15,2016,7,15,11:00:00,11,AV GRAL PAZ Y AV LIBERTADOR ,AVENIDA,13,-34.53476874,-58.46743471,MOTO-CARGAS,MOTO,CARGAS
2016-0093,1,2016-07-17,2016,7,17,3:30:00,3,AV JUAN B ALBERDI Y EMILIO MITRE,AVENIDA,6,-34.62301748,-58.44362126,AUTO-AUTO,AUTO,AUTO
2016-0095,1,2016-07-23,2016,7,23,6:12:00,6,MERCEDES Y AV GRAL MOSCONI,AVENIDA,11,-34.59546519,-58.51713095,MOTO-AUTO,MOTO,AUTO
2016-0096,1,2016-07-25,2016,7,25,7:00:00,7,"AUTOPISTA DELLEPIANE LUIS TTE. GRAL. KM. 2,3",AUTOPISTA,8,-34.66684950051973,-58.47433193007387,MOTO-CARGAS,MOTO,CARGAS
2016-0097,1,2016-07-26,2016,7,26,18:45:00,18,SOLIS Y MEXICO,CALLE,1,-34.6156281,-58.39038605,PEATON-AUTO,PEATON,AUTO
2016-0098,1,2016-07-27,2016,7,27,16:08:00,16,AV SAN JUAN Y ALBERTI,AVENIDA,3,-34.62356174,-58.40042405,MOTO-CARGAS,MOTO,CARGAS
2016-0099,1,2016-07-29,2016,7,29,16:00:00,16,AV GRAL MOSCONI Y AV GRAL PAZ,AVENIDA,11,-34.59798754,-58.52340614,CARGAS-CARGAS,CARGAS,CARGAS
2016-0100,1,2016-08-03,2016,8,3,23:27:00,23,AV GRAL PAZ  Y DONADO,AVENIDA,12,-34.54795581,-58.49491054,MOTO-OBJETO FIJO,MOTO,OBJETO FIJO
2016-0101,1,2016-08-07,2016,8,7,19:42:00,19,AV GRAL PAZ Y JORGE CHAVEZ,AVENIDA,9,-34.65014993,-58.52932872,SD-SD,SD,SD
2016-0102,1,2016-08-10,2016,8,10,23:37:00,23,AV EVA PERON Y JOSE LEON SUAREZ,AVENIDA,9,-34.67316502,-58.50011639,MOTO-CARGAS,MOTO,CARGAS
2016-0104,1,2016-08-14,2016,8,14,21:15:00,21,ZINNY Y AV SANTIAGO DE COMPOSTELA,AVENIDA,9,-34.65624369,-58.46635001,MOTO-PASAJEROS,MOTO,PASAJEROS
2016-0105,1,2016-08-17,2016,8,17,0:05:00,0,AV FEDERICO LACROZE Y FRAGA,AVENIDA,15,-34.58435809,-58.45343236,PEATON-PASAJEROS,PEATON,PASAJEROS
2016-0106,1,2016-08-19,2016,8,19,21:02:00,21,CARLOS PELLEGRINI Y AV DEL LIBERTADOR,AVENIDA,1,-34.58927731,-58.38090932,PEATON-PASAJEROS,PEATON,PASAJEROS
2016-0107,1,2016-08-20,2016,8,20,8:22:00,8,AUTOPISTA 9 DE JULIO SUR ALT AV MENDOZA,AUTOPISTA,4,-34.65429986,-58.37157668,MOTO-AUTO,MOTO,AUTO
2016-0109,1,2016-08-24,2016,8,24,5:45:00,5,AUTOPISTA PERITO MORENO Y BARRAGAN,AUTOPISTA,9,-34.63659934,-58.52280139,AUTO-OBJETO FIJO,AUTO,OBJETO FIJO
2016-0110,1,2016-08-24,2016,8,24,20:21:00,20,AV ALBERDI Y CARHUE,AVENIDA,9,-34.6590353,-58.51232237,PEATON-SD,PEATON,SD
2016-0111,1,2016-08-25,2016,8,25,9:30:00,9,AUTOPISTA LEOPOLDO LUGONES Y LA PAMPA,AUTOPISTA,15,-34.57663634,-58.47461905,MOTO-CARGAS,MOTO,CARGAS
2016-0112,1,2016-08-27,2016,8,27,4:40:00,4,AUTOPISTA 25 DE MAYO AUTOPISTA 1 SUR ARTURO FRONDIZI,AUTOPISTA,1,-34.62282019,-58.38268809,MOTO-OBJETO FIJO,MOTO,OBJETO FIJO
2016-0113,1,2016-08-27,2016,8,27,16:45:00,16,AV JUAN BAUTISTA ALBERDI Y GUARDIA NACIONAL,AVENIDA,9,-34.64564271,-58.49603546,PEATON-PASAJEROS,PEATON,PASAJEROS
2016-0114,1,2016-08-31,2016,8,31,11:20:00,11,SALGUERO 1410,CALLE,14,-34.59394733,-58.41848605,BICICLETA-CARGAS,BICICLETA,CARGAS
2016-0115,1,2016-09-02,2016,9,2,11:50:00,11,ARIAS Y TRONADOR,CALLE,12,-34.54917673,-58.48935041,SD-CARGAS,SD,CARGAS
2016-0116,1,2016-09-02,2016,9,2,20:20:00,20,AV 27 DE FEBRERO Y AV ESCALADA,AVENIDA,8,-34.68475866,-58.44451316,MOTO-AUTO,MOTO,AUTO
2016-0117,1,2016-09-03,2016,9,3,15:30:00,15,AV DEL LIBERTADOR Y TAGLE,AVENIDA,14,-34.58271474,-58.39936478,AUTO-AUTO,AUTO,AUTO
2016-0118,1,2016-09-04,2016,9,4,3:30:00,3,AUTOPISTA 1 SUR PTE ARTURO FRONDIZI KM 2.9,AUTOPISTA,1,-34.62694503,-58.37936704,AUTO-AUTO,AUTO,AUTO
2016-0119,1,2016-09-04,2016,9,4,6:40:00,6,CRISOLOGO LARRALDE Y AVDA TRIUNVIRATO,AVENIDA,12,-34.56353635,-58.49659234,SD-SD,SD,SD
2016-0122,1,2016-09-13,2016,9,13,7:10:00,7,AV EVA PERON 4233,AVENIDA,9,-34.65194557,-58.47256391,BICICLETA-PASAJEROS,BICICLETA,PASAJEROS
2016-0123,1,2016-09-14,2016,9,14,9:00:00,9,AV ASAMBLEA Y AV CNEL ESTEBAN BONORINO,AVENIDA,7,-34.64053676,-58.45130953,MOTO-AUTO,MOTO,AUTO
2016-0124,1,2016-09-16,2016,9,16,15:24:00,15,AVDA RIVADAVIA Y RIVERA INDARTE,AVENIDA,7,-34.62884871,-58.46271207,PEATON-PASAJEROS,PEATON,PASAJEROS
2016-0125,1,2016-09-17,2016,9,17,12:14:00,12,AUTOPISTA PERITO MORENO Y AV JUAN B ALBERDI,AUTOPISTA,10,-34.64243791,-58.49020869,MOTO-MOTO,MOTO,MOTO
2016-0126,2,2016-09-18,2016,9,18,22:45:00,22,IRIGOYEN Y TINOGASTA,CALLE,10,-34.62125906,-58.52572109,AUTO-CARGAS,AUTO,CARGAS
2016-0127,1,2016-09-24,2016,9,24,10:25:00,10,AV MARIANO ACOSTA Y AV CNEL ROCA,AVENIDA,8,-34.66677111,-58.44094791,PEATON-PASAJEROS,PEATON,PASAJEROS
2016-0128,1,2016-10-02,2016,10,2,11:30:00,11,CASTRO Y AV PAVON,AVENIDA,5,-34.6305389,-58.41914024,PEATON-PASAJEROS,PEATON,PASAJEROS
2016-0130,1,2016-10-04,2016,10,4,12:30:00,12,AUTOPISTA 9 DE JULIO SUR Y AV BRASIL,AUTOPISTA,1,-34.62764717,-58.37910942,MOTO-CARGAS,MOTO,CARGAS
2016-0131,1,2016-10-09,2016,10,9,19:13:00,19,MIRAVE 3500,CALLE,4,-34.64539318,-58.39871183,PEATON-AUTO,PEATON,AUTO
2016-0132,1,2016-10-10,2016,10,10,2:30:00,2,AV SAN JUAN Y 24 DE NOVIEMBRE,AVENIDA,3,-34.62477021,-58.41036975,AUTO-PASAJEROS,AUTO,PASAJEROS
2016-0133,1,2016-10-14,2016,10,14,0:05:00,0,AV LAS HERAS Y SANCHEZ DE BUSTAMANTE,AVENIDA,14,-34.5834269,-58.40204698,MOTO-AUTO,MOTO,AUTO
2016-0134,1,2016-10-23,2016,10,23,5:00:00,5,AV PIEDRA BUENA Y 2 DE ABRIL 1982,AVENIDA,8,-34.67648597,-58.48935287,MOTO-OBJETO FIJO,MOTO,OBJETO FIJO
2016-0135,1,2016-10-24,2016,10,24,5:00:00,5,AV FIGUEROA ALCORTA  Y PINEDO,AVENIDA,14,-34.56403694,-58.42260225,PEATON-SD,PEATON,SD
2016-0136,1,2016-10-25,2016,10,25,0:00:00,0,AU BUENOS AIRES - LA PLATA KM. 4,AUTOPISTA,4,-34.628045006783,-58.357785360747,MOTO-CARGAS,MOTO,CARGAS
2016-0137,1,2016-10-25,2016,10,25,0:39:00,0,AV SAN MARTIN Y LADINES,AVENIDA,11,-34.59035925,-58.51537091,MOTO-MOTO,MOTO,MOTO
2016-0138,1,2016-10-27,2016,10,27,20:30:00,20,AV CABILDO Y BLANCO ENCALADA,AVENIDA,13,-34.55922742,-58.4590967,BICICLETA-CARGAS,BICICLETA,CARGAS
2016-0139,1,2016-10-28,2016,10,28,23:00:00,23,AV PRESIDENTE FIGUEROA ALCORTA Y AV DORREGO,AVENIDA,14,-34.56539579,-58.42008769,MOTO-MOTO,MOTO,MOTO
2016-0140,1,2016-10-31,2016,10,31,2:58:00,2,AV JURAMENTO Y VUELTA DE OBLIGADO,AVENIDA,13,-34.56147293,-58.45566399,PASAJEROS-PASAJEROS,PASAJEROS,PASAJEROS
2016-0142,1,2016-11-05,2016,11,5,23:30:00,23,AV DEL LIBERTADOR Y AV RAMOS MEJIA,AVENIDA,1,-34.59276462,-58.37533517,MOTO-PASAJEROS,MOTO,PASAJEROS
2016-0143,1,2016-11-06,2016,11,6,4:41:00,4,AV 27 DE FEBRERO Y AV ESCALADA,AVENIDA,8,-34.68475866,-58.44451316,MOTO-SD,MOTO,SD
2016-0144,1,2016-11-07,2016,11,7,12:10:00,12,AV. ALTE. BROWN 984,AVENIDA,4,-34.63343907,-58.35975012,PEATON-PASAJEROS,PEATON,PASAJEROS
2016-0145,1,2016-11-07,2016,11,7,20:56:00,20,AV DEL LIBERTADOR Y LA PAMPA,AVENIDA,13,-34.55953855,-58.44523595,MOTO-AUTO,MOTO,AUTO
2016-0146,1,2016-11-09,2016,11,9,20:00:00,20,PICHINCHA Y AV BRASIL,AVENIDA,4,-34.63036565,-58.39626094,PEATON-PASAJEROS,PEATON,PASAJEROS
2016-0147,1,2016-11-16,2016,11,16,21:15:00,21,AV INDEPENDENCIA Y VIRREY CEVALLOS,AVENIDA,1,-34.61799615,-58.38896772,MOVIL-PASAJEROS,MOVIL,PASAJEROS
2016-0148,1,2016-11-16,2016,11,16,22:20:00,22,AV GARMENDIA 4895,AVENIDA,15,-34.59484504,-58.46536113,MOTO-MOTO,MOTO,MOTO
2016-0150,1,2016-11-18,2016,11,18,18:20:00,18,AV AMANCIO ALCORTA Y DIOGENES TABORDA,AVENIDA,4,-34.65273216,-58.40879146,CARGAS-CARGAS,CARGAS,CARGAS
2016-0152,1,2016-11-23,2016,11,23,21:10:00,21,AV PERITO MORENO Y ZUVIRIA,AVENIDA,7,-34.64991946,-58.46451841,MOTO-AUTO,MOTO,AUTO
2016-0153,1,2016-11-25,2016,11,25,15:42:00,15,ARAOZ Y AV CORDOBA,AVENIDA,15,-34.59485488,-58.4291709,PEATON-MOTO,PEATON,MOTO
2016-0154,1,2016-11-26,2016,11,26,14:14:00,14,AV GRAL PAZ 15200,AVENIDA,8,-34.68251141,-58.49007772,MOTO-MOTO,MOTO,MOTO
2016-0155,1,2016-11-26,2016,11,26,16:50:00,16,MADERO 900,CALLE,10,-34.62772274,-58.52756365,PEATON-AUTO,PEATON,AUTO
2016-0156,1,2016-11-26,2016,11,26,19:40:00,19,AV INDEPENDENCIA Y DEAN FUNES,AVENIDA,3,-34.61943202,-58.40638983,MOTO-PASAJEROS,MOTO,PASAJEROS
2016-0157,1,2016-12-03,2016,12,3,6:40:00,6,AV JUAN B JUSTO 5645,AVENIDA,11,-34.61740997,-58.47576807,MOTO-MOTO,MOTO,MOTO
2016-0159,1,2016-12-04,2016,12,4,7:21:00,7,AV 27 DE FEBRERO Y AV ESCALADA,AVENIDA,8,-34.68475866,-58.44451316,AUTO-SD,AUTO,SD
2016-0160,1,2016-12-06,2016,12,6,5:30:00,5,AUTOPISTA PERITO MORENO ALTURA VELZ,AUTOPISTA,9,-34.63635787,-58.51927194,CARGAS-OBJETO FIJO,CARGAS,OBJETO FIJO
2016-0161,1,2016-12-06,2016,12,6,7:22:00,7,AV SANTA FE Y GODOY CRUZ,AVENIDA,14,-34.57866344,-58.42525456,PEATON-PASAJEROS,PEATON,PASAJEROS
2016-0162,1,2016-12-07,2016,12,7,5:00:00,5,AV FEDERICO LACROZE Y AV FOREST,AVENIDA,15,-34.58518167,-58.45396573,PEATON-AUTO,PEATON,AUTO
2016-0163,1,2016-12-10,2016,12,10,7:30:00,7,AV GRAL PAZ Y AV GENERAL MOSCONI,AVENIDA,11,-34.59798754,-58.52340614,MOTO-AUTO,MOTO,AUTO
2016-0164,1,2016-12-11,2016,12,11,6:16:00,6,AV LA PLATA Y CNEL GREGORIO POMAR,AVENIDA,4,-34.64119105,-58.42323628,AUTO-AUTO,AUTO,AUTO
2016-0165,1,2016-12-12,2016,12,12,8:25:00,8,AV MARTIN GARCIA 300,AVENIDA,4,-34.62841919,-58.36926144,BICICLETA-PASAJEROS,BICICLETA,PASAJEROS
2016-0168,1,2016-12-13,2016,12,13,10:40:00,10,AV LA PLATA Y CNEL GREGORIO POMAR,AVENIDA,4,-34.64119105,-58.42323628,MOTO-AUTO,MOTO,AUTO
2016-0169,1,2016-12-15,2016,12,15,15:30:00,15,NUÑEZ Y AV RICARDO BALBIN,AVENIDA,12,-34.55676497,-58.47935434,MOTO-PASAJEROS,MOTO,PASAJEROS
2016-0170,1,2016-12-19,2016,12,19,17:10:00,17,AV GRAL PAZ 4500,AVENIDA,12,-34.5637998,-58.50598256,MOTO-AUTO,MOTO,AUTO
2016-0171,1,2016-12-25,2016,12,25,19:00:00,19,AU BUENOS AIRES - LA PLATA Y AU 25 DE MAYO,AUTOPISTA,1,-34.62150748,-58.36607137,MOTO-MOTO,MOTO,MOTO
2016-0172,1,2016-12-26,2016,12,26,8:00:00,8,AV GARAY Y CASTRO,AVENIDA,5,-34.63174259,-58.41918902,MOTO-CARGAS,MOTO,CARGAS
2016-0173,1,2016-12-26,2016,12,26,19:52:00,19,AV DIRECTORIO Y AV SAN PEDRITO,AVENIDA,7,-34.63551751,-58.46749188,MOTO-CARGAS,MOTO,CARGAS
2016-0175,1,2016-12-27,2016,12,27,8:15:00,8,CNEL RAMON L FALCON Y MEMBRILLAR,CALLE,7,-34.62960517,-58.46064174,PEATON-BICICLETA,PEATON,BICICLETA
2016-0176,1,2016-12-28,2016,12,28,1:41:00,1,AV BELGRANO Y AV PASEO COLON,AVENIDA,1,-34.61232875,-58.36956186,MOTO-PASAJEROS,MOTO,PASAJEROS
2016-0177,1,2016-12-29,2016,12,29,4:00:00,4,ARENALES 3319,CALLE,14,-34.58788235,-58.40966671,PEATON-AUTO,PEATON,AUTO
2016-0178,1,2016-12-30,2016,12,30,16:18:00,16,REPUBLICA BOLIVARIANA DE VENEZUELA Y SAAVEDRA,CALLE,3,-34.61544091,-58.40288226,MULTIPLE,PEATON,MULTIPLE
2017-0001,1,2017-01-02,2017,1,2,1:00:00,1,AV. JUAN B JUSTO Y ACHUPALLAS,AVENIDA,11,-34.61028571,-58.4659423,MOTO-CARGAS,MOTO,CARGAS
2017-0003,1,2017-01-05,2017,1,5,3:10:00,3,OLAVARRIA Y AV. VELEZ SARSFIELD,AVENIDA,4,-34.64410277,-58.38957669,CARGAS-CARGAS,CARGAS,CARGAS
2017-0007,1,2017-01-11,2017,1,11,17:00:00,17,LIMA Y MEXICO,CALLE,1,-34.61529543,-58.3816166,MULTIPLE,PEATON,MULTIPLE
2017-0008,1,2017-01-16,2017,1,16,0:40:00,0,JOSE A CABRERA Y BONPLAND,CALLE,14,-34.58494351,-58.43917004,MOTO-PASAJEROS,MOTO,PASAJEROS
2017-0009,1,2017-01-16,2017,1,16,13:56:00,13,AU 25 DE MAYO Y AV. BOEDO,AUTOPISTA,5,-34.62743346,-58.41595919,MOTO-CARGAS,MOTO,CARGAS
2017-0010,1,2017-01-16,2017,1,16,16:30:00,16,AV. DIRECTORIO Y RIGLOS,AVENIDA,6,-34.62828656,-58.4356488,MOTO-AUTO,MOTO,AUTO
2017-0011,1,2017-01-22,2017,1,22,2:30:00,2,AV. GRAL. PAZ Y AV. R. BALBIN,AVENIDA,12,-34.5497951,-58.5007381,MOTO-OBJETO FIJO,MOTO,OBJETO FIJO
2017-0012,1,2017-01-24,2017,1,24,14:00:00,14,TRAFUL Y DIOGENES TABORDA,CALLE,4,-34.6505529,-58.40969005,MOTO-CARGAS,MOTO,CARGAS
2017-0013,1,2017-01-27,2017,1,27,7:00:00,7,IRIARTE 3055,AVENIDA,4,-34.65098981,-58.38972622,PEATON-CARGAS,PEATON,CARGAS
2017-0014,1,2017-01-28,2017,1,28,8:27:34,8,AV. DONADO Y ARIAS,AVENIDA,12,-34.55046754,-58.49185972,MULTIPLE,MOTO,MULTIPLE
2017-0015,1,2017-02-02,2017,2,2,15:18:03,15,CORDOBA AV. Y CALLAO,AVENIDA,2,-34.59963642,-58.39293417,PEATON-AUTO,PEATON,AUTO
2017-0016,1,2017-02-03,2017,2,3,5:12:21,5,"AU 25 DE MAYO, KILOMETRO 8.3, SENTIDO HACIA PROVINCIA DE BUENOS AIRES, C.A.B.A.",AUTOPISTA,1,-34.62288231,-58.38099494,MOTO-CARGAS,MOTO,CARGAS
2017-0017,1,2017-02-06,2017,2,6,8:00:00,8,AV. JUAN B JUSTO Y PARAGUAY,AVENIDA,14,-34.58095431,-58.429012,MOTO-AUTO,MOTO,AUTO
2017-0018,1,2017-02-09,2017,2,9,7:00:00,7,AV. GRAL. PAZ Y AV. DE LOS CORRALES,AVENIDA,9,-34.66977709,-58.50877521,MOTO-AUTO,MOTO,AUTO
2017-0021,1,2017-02-18,2017,2,18,5:30:00,5,SARMIENTO Y LIBERTAD,CALLE,1,-34.60509972,-58.38362373,MOTO-PASAJEROS,MOTO,PASAJEROS
2017-0024,1,2017-02-23,2017,2,23,20:50:00,20,AV. RIVADAVIA 7121,AVENIDA,7,-34.62955795,-58.46589308,PEATON-PASAJEROS,PEATON,PASAJEROS
2017-0025,1,2017-02-24,2017,2,24,17:05:00,17,AV. FERNANDEZ DE LA CRUZ Y RIVERA INDARTE,AVENIDA,7,-34.6542464,-58.43614426,MOTO-SD,MOTO,SD
2017-0026,2,2017-02-26,2017,2,26,5:15:00,5,AV. PERITO MORENO Y FOURNIER,AVENIDA,4,-34.64979057,-58.41842777,AUTO-OBJETO FIJO,AUTO,OBJETO FIJO
2017-0027,1,2017-02-26,2017,2,26,21:57:00,21,AV. CASEROS 1429,AVENIDA,1,-34.6319325,-58.38332245,PEATON-AUTO,PEATON,AUTO
2017-0028,1,2017-02-28,2017,2,28,9:20:00,9,AV. GAONA Y FRAGATA SARMIENTO,AVENIDA,6,-34.61196327,-58.45475488,PEATON-AUTO,PEATON,AUTO
2017-0029,1,2017-03-07,2017,3,7,2:15:00,2,MOZART Y TANDIL,CALLE,9,-34.64742455,-58.48501341,SD-AUTO,SD,AUTO
2017-0030,1,2017-03-07,2017,3,7,8:00:00,8,MOZART Y COLECTORA AV. TTE. LUIS J DELLEPIANE,AVENIDA,9,-34.65872088,-58.47010988,AUTO-PASAJEROS,AUTO,PASAJEROS
2017-0031,1,2017-03-11,2017,3,11,1:30:00,1,24 DE NOVIEMBRE Y PAVON ,CALLE,3,-34.62873635,-58.4099756,AUTO-OBJETO FIJO,AUTO,OBJETO FIJO
2017-0032,1,2017-03-12,2017,3,12,5:00:00,5,AV. GRAL. PAZ Y PEDRO DE MENDOZA,AVENIDA,8,-34.68359163,-58.48892175,AUTO-AUTO,AUTO,AUTO
2017-0033,1,2017-03-12,2017,3,12,7:30:00,7,AV. GRAL. PAZ KM. 10,AVENIDA,11,-34.60325478,-58.52466448,AUTO-AUTO,AUTO,AUTO
2017-0034,1,2017-03-13,2017,3,13,7:50:00,7,GODOY CRUZ 2651,CALLE,14,-34.57929036,-58.42554218,PEATON-AUTO,PEATON,AUTO
2017-0035,3,2017-03-23,2017,3,23,5:00:00,5,AV. DR. TRISTAN ACHAVAL RODRIGUEZ Y BLVD. AZUCENA VILLAFLOR,AVENIDA,1,-34.61113641,-58.35881506,AUTO-OBJETO FIJO,AUTO,OBJETO FIJO
2017-0036,2,2017-03-29,2017,3,29,18:00:00,18,CURUPAYTI Y COLECTORA AV. GRAL. PAZ,AVENIDA,12,-34.58159762,-58.51452347,MOTO-PASAJEROS,MOTO,PASAJEROS
2017-0037,1,2017-03-31,2017,3,31,3:00:00,3,AV. INDEPENDENCIA Y VIRREY CEVALLOS,AVENIDA,1,-34.61799615,-58.38896772,MOTO-CARGAS,MOTO,CARGAS
2017-0038,1,2017-04-01,2017,4,1,19:00:00,19,AV. CASTAÑARES Y LAUTARO,AVENIDA,7,-34.64363363,-58.44516857,MOTO-AUTO,MOTO,AUTO
2017-0040,1,2017-04-03,2017,4,3,9:40:00,9,CAMINO CIUDAD UNUVERSITARIA Y AV. TTE. GUIRALDES,AVENIDA,13,-34.54560369,-58.43834197,MULTIPLE,AUTO,MULTIPLE
2017-0041,1,2017-04-03,2017,4,3,23:15:00,23,BALDOMERO FERNANDEZ MORENO 2186,CALLE,7,-34.63531854,-58.45485084,MOTO-AUTO,MOTO,AUTO
2017-0042,1,2017-04-10,2017,4,10,9:00:00,9,AV. LEOPOLDO LUGONES PKM 6900,AVENIDA,14,-34.548275,-58.438564,MOTO-CARGAS,MOTO,CARGAS
2017-0045,1,2017-04-14,2017,4,14,6:15:00,6,NOGOYA 5940,CALLE,10,-34.62454175,-58.52449285,MOTO-OBJETO FIJO,MOTO,OBJETO FIJO
2017-0047,1,2017-04-23,2017,4,23,6:30:00,6,AV. ARGENTINA Y AV. CORVALAN,AVENIDA,8,-34.6719879,-58.46713742,MOTO-AUTO,MOTO,AUTO
2017-0049,1,2017-04-27,2017,4,27,18:16:00,18,AV. FERNANDEZ DE LA CRUZ Y VARELA,AVENIDA,8,-34.65554754,-58.43850413,PEATON-PASAJEROS,PEATON,PASAJEROS
2017-0050,2,2017-04-28,2017,4,28,11:08:08,11,AU PERITO MORENO Y RAMAL ENLACE AU1/AU6,AUTOPISTA,9,-34.638785,-58.493838,MOTO-CARGAS,MOTO,CARGAS
2017-0051,1,2017-05-01,2017,5,1,3:47:47,3,AU DELLEPIANE 2400,AUTOPISTA,7,-34.669007,-58.475557,AUTO-AUTO,AUTO,AUTO
2017-0052,1,2017-05-05,2017,5,5,3:40:00,3,AV. GRAL. PAZ Y GOLETA JULIA,AVENIDA,8,-34.68095739,-58.49413799,PEATON-CARGAS,PEATON,CARGAS
2017-0053,1,2017-05-05,2017,5,5,20:16:22,20,VIEYTES Y VILLARINO,CALLE,4,-34.65326075,-58.37547846,MOTO-CARGAS,MOTO,CARGAS
2017-0054,1,2017-05-07,2017,5,7,21:00:00,21,AV. DE LOS CONSTITUYENTES Y PEDRO MORAN,AVENIDA,15,-34.58689719,-58.48680218,MOTO-AUTO,MOTO,AUTO
2017-0055,1,2017-05-09,2017,5,9,8:30:00,8,AV. DE LOS CONSTITUYENTES 4900,AVENIDA,12,-34.57962262,-58.49563989,AUTO-AUTO,AUTO,AUTO
2017-0058,1,2017-05-09,2017,5,9,23:10:00,23,AV. CORDOBA Y LIBERTAD,AVENIDA,1,-34.5991594,-58.38403232,PEATON-MOTO,PEATON,MOTO
2017-0059,1,2017-05-11,2017,5,11,9:24:00,9,BRASIL Y LIMA,CALLE,1,-34.62693865,-58.38223382,PEATON-PASAJEROS,PEATON,PASAJEROS
2017-0060,1,2017-05-13,2017,5,13,7:20:00,7,AV. ESCALADA Y AV. FERNANDEZ DE LA CRUZ,AVENIDA,8,-34.67323292,-58.45966521,MOTO-OBJETO FIJO,MOTO,OBJETO FIJO
2017-0061,1,2017-05-15,2017,5,15,13:29:30,13,PARAGUAY Y AV. CALLAO ,AVENIDA,2,-34.59871111,-58.39303911,PEATON-MOTO,PEATON,MOTO
2017-0062,1,2017-05-15,2017,5,15,16:00:00,16,AV. JUAN B JUSTO Y SAN BLAS,AVENIDA,10,-34.63395999,-58.51262106,MOTO-CARGAS,MOTO,CARGAS
2017-0063,1,2017-05-17,2017,5,17,10:13:00,10,CHILE Y AV. 9 DE JULIO,AVENIDA,1,-34.61646839,-58.38118367,PEATON-PASAJEROS,PEATON,PASAJEROS
2017-0064,1,2017-05-20,2017,5,20,5:00:00,5,MAIPU Y PERON,CALLE,1,-34.60582475,-58.37653284,CARGAS-AUTO,CARGAS,AUTO
2017-0065,1,2017-05-22,2017,5,22,16:00:00,16,AV. SUAREZ Y HERRERA,AVENIDA,4,-34.64035082,-58.37709334,BICICLETA-CARGAS,BICICLETA,CARGAS
2017-0066,1,2017-05-22,2017,5,22,18:10:00,18,AV. SAN MARTIN Y FRAGATA SARMIENTO,AVENIDA,15,-34.60409469,-58.46002142,PEATON-PASAJEROS,PEATON,PASAJEROS
2017-0067,1,2017-05-23,2017,5,23,2:45:00,2,AV. DIRECTORIO Y AV. JOSE MARIA MORENO,AVENIDA,6,-34.62801894,-58.4338197,MOTO-CARGAS,MOTO,CARGAS
2017-0068,1,2017-05-27,2017,5,27,19:50:00,19,AV. TTE. FRANCISCO RABANAL 2950,AVENIDA,8,-34.66437532,-58.43580656,MOTO-OBJETO FIJO,MOTO,OBJETO FIJO
2017-0069,1,2017-05-24,2017,5,24,14:15:00,14,AV. GRAL. PAZ Y ULRICO SCHMIDL,AVENIDA,9,-34.65997463,-58.52173071,MOTO-SD,MOTO,SD
2017-0070,1,2017-05-30,2017,5,30,13:20:00,13,NUEVA YORK  3696,CALLE,11,-34.59804273,-58.50791763,PEATON-AUTO,PEATON,AUTO
2017-0072,1,2017-06-03,2017,6,3,23:20:00,23,AV. DE LOS CONSTITUYENTES Y VALLEJOS,AVENIDA,12,-34.58226957,-58.49175088,AUTO-AUTO,AUTO,AUTO
2017-0073,1,2017-06-04,2017,6,4,9:00:00,9,AV. CORRIENTES Y ECUADOR,AVENIDA,3,-34.60425669,-58.40781467,MOTO-AUTO,MOTO,AUTO
2017-0074,1,2017-06-04,2017,6,4,12:50:00,12,CASCO 133,CALLE,9,-34.63787791,-58.52567073,SD-SD,SD,SD
2017-0075,1,2017-06-12,2017,6,12,22:38:00,22,AV. DE MAYO Y AV. 9 DE JULIO,AVENIDA,1,-34.60906385,-58.381542,PEATON-MOTO,PEATON,MOTO
2017-0076,1,2017-06-13,2017,6,13,14:50:00,14,AV. RAMON CASTILLO Y CALLE 12,AVENIDA,2,-34.5780581,-58.38526125,PEATON-CARGAS,PEATON,CARGAS
2017-0077,1,2017-06-17,2017,6,17,23:45:00,23,FRAY JUSTO SANTAMARIA DE ORO 1930,CALLE,14,-34.58451712,-58.42934104,MOTO-CARGAS,MOTO,CARGAS
2017-0079,1,2017-06-19,2017,6,19,16:26:00,16,MEXICO Y DEAN FUNES,CALLE,3,-34.61781124,-58.40657493,MOTO-CARGAS,MOTO,CARGAS
2017-0080,1,2017-06-22,2017,6,22,10:15:00,10,AV. JUAN B ALBERDI Y AV. ESCALADA,AVENIDA,9,-34.64487785,-58.49525314,PEATON-CARGAS,PEATON,CARGAS
2017-0082,1,2017-06-25,2017,6,25,22:40:00,22,AV. ENTRE RIOS Y AV. BRASIL,AVENIDA,4,-34.62932696,-58.39092851,PEATON-AUTO,PEATON,AUTO
2017-0083,1,2017-07-04,2017,7,4,0:25:00,0,AV. JUAN B ALBERDI Y GUARDIA NACIONAL,AVENIDA,9,-34.64564271,-58.49603546,MOTO-CARGAS,MOTO,CARGAS
2017-0084,1,2017-07-05,2017,7,5,12:49:00,12,AV. DEL LIBERTADOR Y RODRIGUEZ PEÑA,AVENIDA,2,-34.58703485,-58.38502878,PEATON-PASAJEROS,PEATON,PASAJEROS
2017-0085,1,2017-07-07,2017,7,7,14:15:00,14,TACUARI Y AV. MARTIN GARCIA,AVENIDA,4,-34.63150425,-58.37261143,PEATON-PASAJEROS,PEATON,PASAJEROS
2017-0086,1,2017-07-09,2017,7,9,7:30:00,7,AV. RIVADAVIA Y MURGUIONDO,AVENIDA,9,-34.63905965,-58.51876802,PEATON-MOTO,PEATON,MOTO
2017-0087,1,2017-07-10,2017,7,10,10:45:00,10,24 DE NOVIEMBRE 390,CALLE,3,-34.61516101,-58.41095567,PEATON-AUTO,PEATON,AUTO
2017-0088,1,2017-07-10,2017,7,10,22:30:00,22,AV. PASEO COLON Y BRASIL,AVENIDA,1,-34.62519403,-58.36797542,PEATON-PASAJEROS,PEATON,PASAJEROS
2017-0089,1,2017-07-13,2017,7,13,12:05:00,12,MARTINIANO LEGUIZAMON 901,CALLE,9,-34.64787051,-58.51514709,SD-AUTO,SD,AUTO
2017-0090,1,2017-07-15,2017,7,15,5:15:00,5,AV. CHIVILCOY Y COLECTORA AV. GRAL. PAZ ,AVENIDA,11,-34.59171721,-58.51925642,PEATON-AUTO,PEATON,AUTO
2017-0091,1,2017-07-15,2017,7,15,13:00:00,13,SUPERI Y AV. GRAL. PAZ,AVENIDA,12,-34.54321216,-58.48671535,MOTO-SD,MOTO,SD
2017-0092,1,2017-07-24,2017,7,24,22:16:01,22,AU 25 DE MAYO Y AU FRONDIZI (9 DE JULIO SUR),AUTOPISTA,1,-34.62282019,-58.38268809,PEATON-AUTO,PEATON,AUTO
2017-0093,1,2017-07-25,2017,7,25,16:48:40,16,"AV. LEOPOLDO LUGONES KM 7,5, ALTURA PUENTE SCALABRINI ORTIZ, SENTIDO A CENTRO PORTEÑO",AUTOPISTA,13,-34.54966288,-58.43633522,PEATON-AUTO,PEATON,AUTO
2017-0094,1,2017-07-27,2017,7,27,8:50:00,8,VICTOR HUGO 2639,CALLE,10,-34.61765855,-58.52640838,BICICLETA-CARGAS,BICICLETA,CARGAS
2017-0095,1,2017-08-06,2017,8,6,8:00:00,8,AV. CORDOBA Y JERONIMO SALGUERO,AVENIDA,14,-34.59778875,-58.41894306,MOTO-AUTO,MOTO,AUTO
2017-0096,1,2017-08-07,2017,8,7,19:50:00,19,AV. CABILDO Y NUÑEZ,AVENIDA,13,-34.54972741,-58.46756026,PEATON-PASAJEROS,PEATON,PASAJEROS
2017-0098,1,2017-08-08,2017,8,8,12:10:00,12,JOSE BONIFACIO 2114,CALLE,7,-34.63132912,-58.45715752,PEATON-AUTO,PEATON,AUTO
2017-0099,1,2017-08-17,2017,8,17,19:45:00,19,AV. PTE FIGUEROA ALCORTA 5400,AVENIDA,14,-34.56213916,-58.42406784,BICICLETA-AUTO,BICICLETA,AUTO
2017-0100,1,2017-08-21,2017,8,21,7:45:00,7,VENEZUELA 2135,CALLE,3,-34.61512051,-58.3967447,MOTO-OBJETO FIJO,MOTO,OBJETO FIJO
2017-0101,1,2017-08-23,2017,8,23,10:00:00,10,AV. FCO. LACROZE Y ZAPATA,AVENIDA,13,-34.57084818,-58.44537508,MULTIPLE,PEATON,MULTIPLE
2017-0102,1,2017-08-24,2017,8,24,1:10:00,1,IRIARTE Y ZAVALETA,AVENIDA,4,-34.6510708,-58.40056767,PEATON-CARGAS,PEATON,CARGAS
2017-0104,1,2017-08-25,2017,8,25,9:00:00,9,AV. 9 DE JULIO Y ESTADOS UNIDOS,AVENIDA,1,-34.61853244,-58.38109568,PEATON-CARGAS,PEATON,CARGAS
2017-0106,1,2017-08-31,2017,8,31,19:50:00,19,FRAY JUSTO SANTAMARIA DE ORO Y GUEMES,CALLE,14,-34.58035258,-58.42533612,PEATON-PASAJEROS,PEATON,PASAJEROS
2017-0107,1,2017-09-01,2017,9,1,11:30:00,11,AV. DEL LIBERTADOR Y JARAMILLO,AVENIDA,13,-34.54395182,-58.46062311,MOTO-CARGAS,MOTO,CARGAS
2017-0108,2,2017-09-02,2017,9,2,4:53:08,4,AV. GRAL. PAZ Y MACHAIN,AVENIDA,12,-34.54795581,-58.49491054,AUTO-OBJETO FIJO,OBJETO FIJO,AUTO
2017-0109,1,2017-09-04,2017,9,4,21:00:00,21,AV. DIRECTORIO Y PORTELA,AVENIDA,7,-34.63665402,-58.47130269,MOTO-AUTO,MOTO,AUTO
2017-0110,1,2017-09-06,2017,9,6,14:15:00,14,LAVALLE Y AV. LEANDRO N ALEM,AVENIDA,1,-34.60189492,-58.370488,PEATON-PASAJEROS,PEATON,PASAJEROS
2017-0111,1,2017-09-07,2017,9,7,18:23:37,18,USPALLATA Y PIROVANO,CALLE,4,-34.6423411,-58.42023854,PEATON-CARGAS,PEATON,CARGAS
2017-0112,2,2017-09-10,2017,9,10,9:32:17,9,AU 25 DE MAYO Y AV. VARELA,AUTOPISTA,7,-34.6399743,-58.45807401,AUTO-OBJETO FIJO,AUTO,OBJETO FIJO
2017-0113,1,2017-09-11,2017,9,11,6:30:00,6,AV. SANTA FE Y MAIPU,AVENIDA,1,-34.59573848,-58.37697717,PEATON-PASAJEROS,PEATON,PASAJEROS
2017-0114,1,2017-09-15,2017,9,15,2:30:00,2,AV. ALVEAR Y AV. DEL LIBERTADOR,AVENIDA,2,-34.5849866,-58.3910058,AUTO-OBJETO FIJO,AUTO,OBJETO FIJO
2017-0115,1,2017-09-19,2017,9,19,18:52:33,18,AV. PAVON Y TREINTA Y TRES ORIENTALES,AVENIDA,5,-34.63089661,-58.42182126,MOTO-BICICLETA,MOTO,BICICLETA
2017-0116,1,2017-09-20,2017,9,20,22:24:00,22,COLECTORA AV. GRAL. PAZ 5750,AVENIDA,12,-34.58075791,-58.51389422,MOTO-OBJETO FIJO,MOTO,OBJETO FIJO
2017-0118,1,2017-09-22,2017,9,22,7:02:09,7,VIEYTES Y CRUZ,AVENIDA,4,-34.65232158,-58.37585415,MOTO-AUTO,MOTO,AUTO
2017-0120,1,2017-10-02,2017,10,2,15:55:33,15,AU DELLEPIANE Y AV. ESCALADA,AUTOPISTA,9,-34.66245085,-58.47297505,MOTO-CARGAS,MOTO,CARGAS
2017-0123,1,2017-10-10,2017,10,10,1:05:38,1,ALBARIÑO Y AV. ARGENTINA,AVENIDA,8,-34.67216349,-58.46855503,PEATON-AUTO,PEATON,AUTO
2017-0124,1,2017-10-12,2017,10,12,14:40:28,14,JUAN RAMIREZ DE VELAZCO 1211,CALLE,15,-34.59185043,-58.44254033,MOTO-PASAJEROS,MOTO,PASAJEROS
2017-0125,1,2017-10-13,2017,10,13,6:12:20,6,AV. FERNANDEZ DE LA CRUZ Y LARRAYA,AVENIDA,8,-34.67926929,-58.46622247,MOTO-OBJETO FIJO,MOTO,OBJETO FIJO
2017-0126,2,2017-10-14,2017,10,14,6:15:00,6,AV. RIESTRA Y CAÑADA DE GOMEZ,AVENIDA,8,-34.68148508,-58.48003734,AUTO-OBJETO FIJO,AUTO,OBJETO FIJO
2017-0127,1,2017-10-16,2017,10,16,7:45:00,7,GALLO Y AV. CORDOBA,AVENIDA,2,-34.59800248,-58.41192137,MOTO-MOTO,MOTO,MOTO
2017-0128,1,2017-10-17,2017,10,17,12:30:00,12,DR. JUAN F. ARANGUREN 611,CALLE,6,-34.61349731,-58.44034689,PEATON-PASAJEROS,PEATON,PASAJEROS
2017-0129,1,2017-10-26,2017,10,26,19:15:15,19,AU PERITO MORENO Y AU 25 DE MAYO,AUTOPISTA,9,-34.64925746,-58.47155277,MOTO-PASAJEROS,MOTO,PASAJEROS
2017-0130,1,2017-10-27,2017,10,27,5:30:00,5,CHORROARIN Y AV. SAN MARTIN,AVENIDA,15,-34.59967065,-58.47883099,AUTO-CARGAS,AUTO,CARGAS
2017-0132,1,2017-10-30,2017,10,30,14:00:00,14,COSQUIN Y AV. CNEL. ROCA,AVENIDA,8,-34.6937413,-58.46552171,MOTO-PASAJEROS,MOTO,PASAJEROS
2017-0134,1,2017-11-06,2017,11,6,18:00:00,18,AV. CNEL. ROCA 3555,AVENIDA,8,-34.66777987,-58.4423972,PEATON-PASAJEROS,PEATON,PASAJEROS
2017-0135,1,2017-11-07,2017,11,7,12:14:10,12,AV. WARNES Y PUNTA ARENAS,AVENIDA,15,-34.59626814,-58.47032551,MOTO-CARGAS,MOTO,CARGAS
2017-0136,1,2017-11-16,2017,11,16,8:43:00,8,DEL BARCO CENTENERA Y RABANAL,AVENIDA,4,-34.65522746,-58.41827843,PEATON-PASAJEROS,PEATON,PASAJEROS
2017-0137,1,2017-11-17,2017,11,17,11:45:00,11,AV. GRAL. ENRIQUE MOSCONI Y SAN NICOLAS,AVENIDA,11,-34.59279388,-58.51280715,PEATON-CARGAS,PEATON,CARGAS
2017-0138,1,2017-11-19,2017,11,19,10:30:00,10,AV. LAFUENTE Y AV. EVA PERON,AVENIDA,7,-34.64385704,-58.46258582,MOTO-OBJETO FIJO,MOTO,OBJETO FIJO
2017-0139,1,2017-11-19,2017,11,19,22:30:00,22,AV. CNEL. ROCA Y AV. ESCALADA,AVENIDA,8,-34.68003614,-58.45064148,AUTO-OBJETO FIJO,AUTO,OBJETO FIJO
2017-0140,1,2017-11-19,2017,11,19,23:22:17,23,AU ARTURO FRONDIZI PKM 3100,AUTOPISTA,4,-34.635874,-58.377139,MOTO-PASAJEROS,MOTO,PASAJEROS
2017-0141,1,2017-11-23,2017,11,23,19:45:00,19,AV. LA PLATA Y AV. PEDRO GOYENA,AVENIDA,6,-34.62513374,-58.42717783,PEATON-PASAJEROS,PEATON,PASAJEROS
2017-0143,1,2017-11-25,2017,11,25,21:45:00,21,TRELLES Y GRAL. CESAR DIAZ,CALLE,11,-34.60724519,-58.46442001,AUTO-PASAJEROS,AUTO,PASAJEROS
2017-0144,1,2017-11-26,2017,11,26,6:45:00,6,AV. CNEL. ROCA Y COLECTORA AV. GRAL. PAZ,AVENIDA,8,-34.69843756,-58.47064556,AUTO-OBJETO FIJO,AUTO,OBJETO FIJO
2017-0145,1,2017-11-26,2017,11,26,17:05:00,17,MAZA Y DON BOSCO,CALLE,5,-34.61223119,-58.41677733,MOTO-AUTO,MOTO,AUTO
2017-0147,1,2017-11-28,2017,11,28,11:15:00,11,AV. GRAL. PAZ Y AV. EVA PERON,AVENIDA,9,-34.67450313,-58.5025179,MOTO-AUTO,MOTO,AUTO
2017-0148,1,2017-11-29,2017,11,29,10:45:00,10,AV. SAN JUAN Y LA RIOJA,AVENIDA,3,-34.62438894,-58.40708125,PEATON-PASAJEROS,PEATON,PASAJEROS
2017-0149,1,2017-11-30,2017,11,30,12:20:00,12,AV. PASEO COLON Y MEXICO,AVENIDA,1,-34.61477051,-58.36947198,PEATON-PASAJEROS,PEATON,PASAJEROS
2017-0150,1,2017-12-04,2017,12,4,1:15:00,1,AV. RIVADAVIA Y MIRALLA,AVENIDA,9,-34.63934531,-58.51140889,PEATON-AUTO,PEATON,AUTO
2017-0151,1,2017-12-04,2017,12,4,2:15:00,2,VIEYTES Y LUJAN,CALLE,4,-34.65559133,-58.37460912,PEATON-PASAJEROS,PEATON,PASAJEROS
2017-0152,1,2017-12-06,2017,12,6,17:30:00,17,CACHI Y TRAFUL,CALLE,4,-34.65073916,-58.41146277,BICICLETA-PASAJEROS,BICICLETA,PASAJEROS
2017-0153,2,2017-12-11,2017,12,11,2:00:00,2,ROSARIO Y AV. LA PLATA,AVENIDA,6,-34.61829385,-58.42855267,MOTO-PASAJEROS,MOTO,PASAJEROS
2017-0154,1,2017-12-11,2017,12,11,9:15:00,9,AV. ENTRE RIOS Y AV. CASEROS ,AVENIDA,4,-34.63412287,-58.39035581,PEATON-PASAJEROS,PEATON,PASAJEROS
2017-0155,1,2017-12-12,2017,12,12,21:25:41,21,AV. RIVADAVIA 6350,AVENIDA,7,-34.62656868,-58.45593915,SD-MOTO,SD,MOTO
2017-0157,1,2017-12-17,2017,12,17,9:02:00,9,AV. GRAL. PAZ Y HUMAITA,AVENIDA,9,-34.64597065,-58.52866211,AUTO-PASAJEROS,AUTO,PASAJEROS
2017-0158,1,2017-12-18,2017,12,18,21:30:00,21,GUALEGUAYCHU Y COLECTORA AV. GRAL PAZ,AVENIDA,11,-34.59407024,-58.52037476,MOTO-AUTO,MOTO,AUTO
2017-0159,1,2017-12-20,2017,12,20,4:31:27,4,AV. INDEPENDENCIA Y VIRREY CEVALLOS,AVENIDA,1,-34.61799615,-58.38896772,MOTO-AUTO,MOTO,AUTO
2017-0160,1,2017-12-22,2017,12,22,13:15:00,13,AV. NAZCA 365,AVENIDA,7,-34.62771756,-58.47074114,PEATON-MOTO,PEATON,MOTO
2017-0161,1,2017-12-26,2017,12,26,15:30:00,15,AV. EVA PERON 5249,AVENIDA,9,-34.65969965,-58.48200819,PEATON-AUTO,PEATON,AUTO
2018-0001,1,2018-01-01,2018,1,1,22:50:00,22,San Juan Av. Y Rincón,AVENIDA,3,-34.62297346,-58.39536773,PEATON-MOTO,PEATON,MOTO
2018-0002,1,2018-01-03,2018,1,3,16:40:00,16,Peru 937,CALLE,1,-34.61895467,-58.37456088,BICICLETA-PASAJEROS,BICICLETA,PASAJEROS
2018-0003,1,2018-01-05,2018,1,5,10:12:00,10,"Pueyrredon, Honorio, Dr. Av. y Galicia",AVENIDA,15,-34.60395657,-58.44860217,MULTIPLE,PEATON,MULTIPLE
2018-0004,1,2018-01-09,2018,1,9,09:40:00,9,Del Libertador Av. y Manzanares,AVENIDA,13,-34.54332766,-58.46129513,MULTIPLE,MOTO,MULTIPLE
2018-0005,1,2018-01-09,2018,1,9,22:30:00,22,Paseo Colon Av. 1019,AVENIDA,1,-34.61953517,-58.36907201,PEATON-PASAJEROS,PEATON,PASAJEROS
2018-0006,1,2018-01-10,2018,1,10,21:15:00,21,Valle y Barco Centenera Del,CALLE,6,-34.62499107,-58.44062219,BICICLETA-PASAJEROS,BICICLETA,PASAJEROS
2018-0007,1,2018-01-11,2018,1,11,02:30:00,2,AU Perito Moreno  KM 0.6,AUTOPISTA,9,-34.63601265,-58.52502765,AUTO-AUTO,AUTO,AUTO
2018-0008,1,2018-01-12,2018,1,12,17:50:00,17,"Huergo, Ing. Av. e Independencia Av.",AVENIDA,1,-34.61687778,-58.36659655,MOTO-CARGAS,MOTO,CARGAS
2018-0009,1,2018-01-14,2018,1,14,2:00:00,2,"Pilcomayo y Brown, Alte. Av.",AVENIDA,4,-34.62763661,-58.36737389,MOTO-MOTO,MOTO,MOTO
2018-0010,1,2018-01-18,2018,1,18,5:10:00,5,"Cervantes y Belaustegui, Luis, Dr.",CALLE,10,-34.63038658,-58.49807953,MOTO-CARGAS,MOTO,CARGAS
2018-0011,1,2018-01-19,2018,1,19,10:30:00,10,Callao y Vte. Lopez,AVENIDA,2,-34.59088447,-58.39092703,PEATON-PASAJEROS,PEATON,PASAJEROS
2018-0012,1,2018-01-26,2018,1,26,13:30:00,13,"Oliden y Chilavert, Martiniano, Coronel",CALLE,8,-34.68049201,-58.46912006,MOTO-PASAJEROS,MOTO,PASAJEROS
2018-0013,1,2018-01-28,2018,1,28,08:15:00,8,Congreso Av. y Galvan,AVENIDA,12,-34.56786129,-58.48661286,MOTO-AUTO,MOTO,AUTO
2018-0014,1,2018-01-31,2018,1,31,20:00:00,20,"Moreno, Perito Av. y Rivera Indarte",AVENIDA,7,-34.65080597,-58.44074927,PEATON-MOTO,PEATON,MOTO
2018-0015,2,2018-02-06,2018,2,6,01:00:00,1,Australia Av. 2800,AVENIDA,4,-34.64684275,-58.38636298,MOTO-PASAJEROS,MOTO,PASAJEROS
2018-0016,1,2018-02-15,2018,2,15,10:15:00,10,"Del Libertador Av. y Ramos Mejia, Jose Maria, Dr. Av.",AVENIDA,1,-34.59276462,-58.37533517,MOTO-CARGAS,MOTO,CARGAS
2018-0017,1,2018-02-17,2018,2,17,04:15:00,4,San Pedrito Av. y Rivadavia Av.,AVENIDA,7,-34.63070603,-58.46963952,PEATON-AUTO,PEATON,AUTO
2018-0018,1,2018-02-17,2018,2,17,07:15:00,7,"Isabel La Catolica y Salvadores, Cnel.",CALLE,4,-34.64543658,-58.37207554,MOTO-CARGAS,MOTO,CARGAS
2018-0019,1,2018-02-17,2018,2,17,12:30:00,12,Las Heras General Av. y Callao Av.,AVENIDA,2,-34.59176378,-58.39189441,PEATON-PASAJEROS,PEATON,PASAJEROS
2018-0020,1,2018-02-19,2018,2,19,22:00:00,22,Fernandez de la Cruz Subida AU Héctor J. Cámpora,AUTOPISTA,8,-34.66518343,-58.45012957,MOTO-CARGAS,MOTO,CARGAS
2018-0021,1,2018-02-22,2018,2,22,10:45:00,10,AMANCIO ALCORTA Y ZAVALETA,AVENIDA,4,-34.64546845,-58.40184094,PEATON-PASAJEROS,PEATON,PASAJEROS
2018-0022,1,2018-02-24,2018,2,24,00:00:00,0,"Montes De Oca, Manuel y Olavarria",AVENIDA,4,-34.63966783,-58.37441153,MOTO-CARGAS,MOTO,CARGAS
2018-0023,1,2018-02-24,2018,2,24,06:00:00,6,Barco Centenera Del y Rosario,CALLE,6,-34.62082399,-58.44110156,MOTO-AUTO,MOTO,AUTO
2018-0024,1,2018-02-28,2018,2,28,23:00:00,23,Alvarez Thomas Av. y Donado,AVENIDA,15,-34.57827342,-58.47087351,PEATON-CARGAS,PEATON,CARGAS
2018-0025,1,2018-03-04,2018,3,4,22:30:00,22,Av. Avellaneda y Av. Boyacá,AVENIDA,7,-34.6224514,-58.4596221,PEATON-AUTO,PEATON,AUTO
2018-0026,2,2018-03-09,2018,3,9,04:45:00,4,"Rabanal, Francisco, Intendente Av. y Saenz Av.",AVENIDA,4,-34.65476216,-58.41657793,MOVIL-CARGAS,MOVIL,CARGAS
2018-0027,1,2018-03-11,2018,3,11,23:00:00,23,Castro y Rondeau,CALLE,5,-34.63722107,-58.41911301,PEATON-MOTO,PEATON,MOTO
2018-0028,1,2018-03-13,2018,3,13,15:45:00,15,"Bilbao, Francisco Av. y Azul",AVENIDA,9,-34.64251042,-58.47120586,PEATON-CARGAS,PEATON,CARGAS
2018-0029,1,2018-03-15,2018,3,15,18:00:00,18,Nazca Av. y Gaona Av.,AVENIDA,11,-34.62049672,-58.47418944,MOTO-AUTO,MOTO,AUTO
2018-0030,1,2018-03-20,2018,3,20,01:30:00,1,Plaza y Alvarez Thomas Av.,AVENIDA,15,-34.57905579,-58.46720441,MOTO-MOTO,MOTO,MOTO
2018-0031,1,2018-03-28,2018,3,28,10:15:00,10,"Gaona Av. y Artigas, Jose Gervasio, Gral.",AVENIDA,11,-34.6177971,-58.46909362,MOTO-CARGAS,MOTO,CARGAS
2018-0032,1,2018-04-02,2018,4,2,13:00:00,13,Cabildo Av. y Aguilar,AVENIDA,13,-34.5688864,-58.44704343,PEATON-PASAJEROS,PEATON,PASAJEROS
2018-0033,1,2018-04-07,2018,4,7,7:30:00,7,Camarones y Lope De Vega Av.,AVENIDA,10,-34.62902048,-58.50535541,MOTO-CARGAS,MOTO,CARGAS
2018-0034,1,2018-04-11,2018,4,11,18:15:00,18,Santa Fe Av. 2320,AVENIDA,2,-34.59522198,-58.40021675,PEATON-PASAJEROS,PEATON,PASAJEROS
2018-0035,1,2018-04-12,2018,4,12,16:45:00,16,Av. Rivadavia 6950,AVENIDA,7,-34.62919627,-58.46325991,PEATON-PASAJEROS,PEATON,PASAJEROS
2018-0036,1,2018-04-13,2018,4,13,23:15:00,23,Av. San Martín y Argerich,AVENIDA,15,-34.59694755,-58.49471482,MOTO-AUTO,MOTO,AUTO
2018-0037,1,2018-04-18,2018,4,18,18:45:00,18,"Cordoba Av. y Uriburu Jose E., Pres.",AVENIDA,2,-34.59975962,-58.3987261,PEATON-CARGAS,PEATON,CARGAS
2018-0038,2,2018-04-20,2018,4,20,17:10:00,17,AV. RIVADAVIA 1571,AVENIDA,1,-34.60885045,-58.38872177,PEATON-AUTO,PEATON,AUTO
2018-0039,1,2018-04-21,2018,4,21,22:15:00,22,AUTOPISTA LUGONES KM 4.7,AUTOPISTA,14,-34.548293,-58.438553,PEATON-AUTO,PEATON,AUTO
2018-0040,1,2018-04-27,2018,4,27,11:00:00,11,Ramon Freire y Virrey Olaguer y Feliu,CALLE,13,-34.57305993,-58.45686132,PEATON-CARGAS,PEATON,CARGAS
2018-0041,1,2018-04-27,2018,4,27,13:30:00,13,"La Plata Av. y Fernandez De La Cruz, F., Gral. Av.",AVENIDA,4,-34.64282424,-58.42281627,PEATON-PASAJEROS,PEATON,PASAJEROS
2018-0042,1,2018-04-27,2018,4,27,18:43:00,18,BRANDSEN y PERDRIEL,CALLE,4,-34.63953396,-58.38666024,MOTO-CARGAS,MOTO,CARGAS
2018-0043,1,2018-04-28,2018,4,28,06:30:00,6,"Vilardebo, Teodoro y Alvarez Jonte Av.",AVENIDA,11,-34.61207587,-58.49122843,MOTO-AUTO,MOTO,AUTO
2018-0044,1,2018-04-28,2018,4,28,09:00:00,9,Alberti e Independencia Av.,AVENIDA,3,-34.61866627,-58.40098306,PEATON-AUTO,PEATON,AUTO
2018-0045,1,2018-04-30,2018,4,30,07:00:00,7,Alvarez Thomas Av. 879,AVENIDA,13,-34.5791692,-58.45448963,AUTO-CARGAS,AUTO,CARGAS
2018-0046,1,2018-05-02,2018,5,2,03:15:00,3,Av. Gral. Paz y Av. Rivadavia,AVENIDA,9,-34.63931752,-58.52927982,PEATON-AUTO,PEATON,AUTO
2018-0047,1,2018-05-08,2018,5,8,19:00:00,19,Av. Corrientes y Av. Dorrego,AVENIDA,15,-34.5917024,-58.44759966,PEATON-PASAJEROS,PEATON,PASAJEROS
2018-0048,1,2018-05-09,2018,5,9,10:30:00,10,Rivadavia Av. y Pedernera,AVENIDA,7,-34.62925068,-58.46411215,PEATON-PASAJEROS,PEATON,PASAJEROS
2018-0049,1,2018-05-11,2018,5,11,19:15:00,19,Quesada 2300,CALLE,13,-34.55395823,-58.4621322,PEATON-AUTO,PEATON,AUTO
2018-0050,1,2018-05-14,2018,5,14,18:45:00,18,Cabildo Av. y Juramento Av.,AVENIDA,13,-34.5620361,-58.45669422,PEATON-PASAJEROS,PEATON,PASAJEROS
2018-0051,1,2018-05-15,2018,5,15,21:15:00,21,"California y Carbonari, Francisco, Cmte.",CALLE,4,-34.64341878,-58.3597716,PEATON-AUTO,PEATON,AUTO
2018-0052,1,2018-05-18,2018,5,18,20:30:00,20,"Carril, Salvador Maria Del Av. y Nazca",AVENIDA,15,-34.59070093,-58.49820145,PEATON-PASAJEROS,PEATON,PASAJEROS
2018-0053,1,2018-05-20,2018,5,20,02:30:00,2,San Luis y Aguero,CALLE,3,-34.5993918,-58.4105928,MOTO-AUTO,MOTO,AUTO
2018-0054,1,2018-05-22,2018,5,22,11:15:00,11,Lugones 2430,CALLE,12,-34.57121563,-58.47969138,PEATON-BICICLETA,PEATON,BICICLETA
2018-0055,1,2018-05-29,2018,5,29,7:30:00,7,Independencia Av. y Jujuy Av.,AVENIDA,3,-34.61883916,-58.40351561,MOTO-AUTO,MOTO,AUTO
2018-0056,1,2018-06-02,2018,6,2,13:00:00,13,Av. Rivadavia 11050,AVENIDA,9,-34.63918987,-58.51973844,PEATON-PASAJEROS,PEATON,PASAJEROS
2018-0057,1,2018-06-03,2018,6,3,3:30:00,3,Combate De Los Pozos y Humberto 1°,CALLE,3,-34.62163006,-58.39311376,MOTO-PASAJEROS,MOTO,PASAJEROS
2018-0058,1,2018-06-03,2018,6,3,6:30:00,6,Cordoba Av. y Thames,AVENIDA,15,-34.59082159,-58.43531242,MOTO-AUTO,MOTO,AUTO
2018-0059,1,2018-06-08,2018,6,8,6:20:00,6,"Garay, Juan De Av. y Sanchez De Loria",AVENIDA,5,-34.63035454,-58.41178165,MOTO-MOVIL,MOTO,OTRO
2018-0060,1,2018-06-08,2018,6,8,12:50:00,12,"Lavalle y Alem, Leandro N. Av.",AVENIDA,1,-34.60189492,-58.370488,PEATON-PASAJEROS,PEATON,PASAJEROS
2018-0061,1,2018-06-10,2018,6,10,11:15:00,11,Estados Unidos y Pichincha,CALLE,3,-34.61964833,-58.39883882,MOTO-MOTO,MOTO,MOTO
2018-0062,1,2018-06-14,2018,6,14,1:00:00,1,Rosario y Barco Centenera Del,CALLE,6,-34.62082399,-58.44110156,PEATON-CARGAS,PEATON,CARGAS
2018-0063,1,2018-06-16,2018,6,16,21:15:00,21,Av. Leandro N. Alem y Viamonte,AVENIDA,1,-34.59952725,-58.37093138,PEATON-PASAJEROS,PEATON,PASAJEROS
2018-0064,1,2018-06-25,2018,6,25,1:15:00,1,Varela Av. y Primera Junta,AVENIDA,7,-34.63953253,-58.45855262,AUTO-CARGAS,AUTO,CARGAS
2018-0065,1,2018-06-26,2018,6,26,17:30:00,17,"Pellegrini, Carlos y Juncal",CALLE,1,-34.59283447,-58.38161909,MOTO-CARGAS,MOTO,CARGAS
2018-0066,1,2018-06-28,2018,6,28,11:00:00,11,Av. Corrientes y Av. Federico Lacroze,AVENIDA,15,-34.58698157,-58.45511899,PEATON-PASAJEROS,PEATON,PASAJEROS
2018-0067,1,2018-06-29,2018,6,29,16:15:00,16,"Montes De Oca, Manuel y Finochietto Enrique Dr.",AVENIDA,4,-34.62973033,-58.37724226,PASAJEROS-AUTO,PASAJEROS,AUTO
2018-0068,1,2018-07-01,2018,7,1,9:00:00,9,"Carabobo Av. y Alberdi, Juan Bautista Av.",AVENIDA,7,-34.62930339,-58.45546217,MOTO-AUTO,MOTO,AUTO
2018-0069,1,2018-07-04,2018,7,4,21:45:00,21,"Córdoba Av. 2215

",AVENIDA,2,-34.59954925,-58.39897064,BICICLETA-PASAJEROS,BICICLETA,PASAJEROS
2018-0070,1,2018-07-07,2018,7,7,15:45:00,15,"Estados Unidos y Urquiza, Gral.",CALLE,3,-34.62126274,-58.40917826,MOTO-PASAJEROS,MOTO,PASAJEROS
2018-0071,1,2018-07-10,2018,7,10,17:50:00,17,Moreno y Av. Huergo,AVENIDA,1,-34.61099738,-58.36726348,MOTO-CARGAS,MOTO,CARGAS
2018-0072,1,2018-07-11,2018,7,11,13:15:00,13,"AU Dellepiane kilometro 0.0, altura calle Montiel, sentido hacia el Centro Porteño",AUTOPISTA,8,-34.68454456,-58.48267426,MOTO-CARGAS,MOTO,CARGAS
2018-0073,1,2018-07-11,2018,7,11,15:45:00,15,"Iriarte, Gral. Av. 3400",AVENIDA,4,-34.65168841,-58.39546165,PEATON-CARGAS,PEATON,CARGAS
2018-0074,1,2018-07-14,2018,7,14,6:04:00,6,AV. JUAN B. ALBERDI 2968,AVENIDA,7,-34.63376545,-58.46941984,AUTO-CARGAS,AUTO,CARGAS
2018-0075,1,2018-07-15,2018,7,15,7:30:00,7,Del Libertador Av. y Ortiz De Ocampo,AVENIDA,14,-34.58129246,-58.40367321,PEATON-AUTO,PEATON,AUTO
2018-0076,1,2018-07-16,2018,7,16,9:30:00,9,"Chavez, Jorge y Paz, Gral. Av.",CALLE,9,-34.65014993,-58.52932872,AUTO-CARGAS,AUTO,CARGAS
2018-0077,1,2018-07-16,2018,7,16,23:15:00,23,"Urquiza, Gral. y Estados Unidos",CALLE,3,-34.62126274,-58.40917826,AUTO-CARGAS,AUTO,CARGAS
2018-0078,1,2018-07-21,2018,7,21,6:15:00,6,Paraguay y Sánchez De Bustamante,CALLE,2,-34.59473294,-58.41264127,PEATON-AUTO,PEATON,AUTO
2018-0079,1,2018-07-23,2018,7,23,7:15:00,7,"De Los Corrales Av. y Paz, Gral. Av.",AVENIDA,9,-34.66977709,-58.50877521,PEATON-CARGAS,PEATON,CARGAS
2018-0080,1,2018-07-25,2018,7,25,22:22:00,22,"Alberdi, Juan Bautista Av. y Carhue",AVENIDA,9,-34.6590353,-58.51232237,PEATON-AUTO,PEATON,AUTO
2018-0081,1,2018-07-29,2018,7,29,6:30:00,6,Castañares Av. y Rivera Indarte Av.,AVENIDA,7,-34.64567171,-58.44744156,MULTIPLE,PEATON,MULTIPLE
2018-0082,1,2018-08-01,2018,8,1,15:53:00,15,"Larrazabal y Garzon, Eugenio, Gral. Av.",AVENIDA,9,-34.65869968,-58.49441273,MOTO-CARGAS,MOTO,CARGAS
2018-0083,1,2018-08-02,2018,8,2,5:20:00,5,"Paz, Gral. Av. y Fernandez De La Cruz, F., Gral. Av.",AVENIDA,8,-34.69153196,-58.47976785,MOTO-CARGAS,MOTO,CARGAS
2018-0084,1,2018-08-03,2018,8,3,7:25:00,7,Av. Alicia Moreau de Justo y Cochabamba,AVENIDA,1,-34.62260331,-58.36523349,PEATON-CARGAS,PEATON,CARGAS
2018-0085,2,2018-08-03,2018,8,3,18:16:00,18,"Entre Rios Av. y Garay, Juan De Av.",AVENIDA,3,-34.62704273,-58.39118948,MOTO-PASAJEROS,MOTO,PASAJEROS
2018-0086,1,2018-08-10,2018,8,10,21:44:00,21,Directorio Av. y Guardia Nacional,AVENIDA,9,-34.65015854,-58.49019551,PEATON-PASAJEROS,PEATON,PASAJEROS
2018-0087,1,2018-08-15,2018,8,15,19:20:00,19,Pavon Av. Y Colombres,AVENIDA,5,-34.63023775,-58.41644362,PEATON-PASAJEROS,PEATON,PASAJEROS
2018-0088,1,2018-08-17,2018,8,17,16:36:00,16,Av. Gral. Paz y Av. Dr. Ricardo Balbín,AVENIDA,12,-34.5497951,-58.5007381,MOTO-CARGAS,MOTO,CARGAS
2018-0089,1,2018-08-17,2018,8,17,17:56:00,17,Pichincha Av. y Brasil,AVENIDA,4,-34.63036565,-58.39626094,PEATON-PASAJEROS,PEATON,PASAJEROS
2018-0090,1,2018-08-18,2018,8,18,10:34:00,10,27 De Febrero Av. y Pergamino,AVENIDA,8,-34.67051543,-58.43284809,MOTO-AUTO,MOTO,AUTO
2018-0091,1,2018-08-19,2018,8,19,18:47:00,18,AU Perito Moreno KM 1.8 ALTURA BARRAGAN SENTIDO PBA,AUTOPISTA,9,-34.63659934,-58.52280139,AUTO-AUTO,AUTO,AUTO
2018-0092,1,2018-08-20,2018,8,20,08:20:00,8,Cordoba Av. y Gascon,AVENIDA,14,-34.59774487,-58.4233693,MOTO-AUTO,MOTO,AUTO
2018-0093,1,2018-08-20,2018,8,20,08:41:00,8,15 De Noviembre De 1889 1513,CALLE,1,-34.63105973,-58.38691681,PEATON-PASAJEROS,PEATON,PASAJEROS
2018-0094,1,2018-08-23,2018,8,23,05:35:00,5,"Salguero, Jeronimo y Beruti",CALLE,14,-34.5857988,-58.4116902,MOTO-PASAJEROS,MOTO,PASAJEROS
2018-0095,1,2018-08-26,2018,8,26,00:59:00,0,"Lacarra Av. y Dellepiane, Luis, Tte. Gral.",AVENIDA,9,-34.65117757,-58.46739825,AUTO-AUTO,AUTO,AUTO
2018-0096,1,2018-08-31,2018,8,31,22:20:00,22,"AU Héctor J. Cámpora y Roca, Cnel. Av.",AUTOPISTA,8,-34.67152226,-58.44483258,PEATON-AUTO,PEATON,AUTO
2018-0097,1,2018-09-02,2018,9,2,10:50:00,10,Av. Varela y Av. Int. Francisco Rabanal,AVENIDA,8,-34.66128115,-58.43254025,AUTO-MOVIL,AUTO,OTRO
2018-0098,2,2018-09-09,2018,9,9,05:00:00,5,Av. Gral. Paz e/ Ferre y Beron de Astrada,AVENIDA,8,-34.69640164,-58.47199387,AUTO-AUTO,AUTO,AUTO
2018-0099,1,2018-09-12,2018,9,12,14:25:00,14,Rivadavia Av. y Pedernera,AVENIDA,7,-34.62925068,-58.46411215,PEATON-PASAJEROS,PEATON,PASAJEROS
2018-0100,1,2018-09-20,2018,9,20,10:30:00,10,Elvira Rawson de Dellepiane 150,AVENIDA,1,-34.62367156,-58.36217754,MOTO-AUTO,MOTO,AUTO
2018-0101,1,2018-09-21,2018,9,21,00:15:00,0,"Paz, Gral. Av. y Zapiola",AVENIDA,12,-34.5407313,-58.48098594,MULTIPLE,AUTO,MULTIPLE
2018-0102,1,2018-09-21,2018,9,21,00:30:00,0,FAMATINA Y DIOGENES TABORDA,CALLE,4,-34.64640709,-58.41083404,MOTO-AUTO,MOTO,AUTO
2018-0103,1,2018-09-27,2018,9,27,17:51:00,17,Av. Castañares y Bonorino,AVENIDA,7,-34.64446729,-58.44609828,PEATON-MOTO,PEATON,MOTO
2018-0104,1,2018-10-01,2018,10,1,8:58:00,8,AU Frondizi 9 de Julio Sur y Av. Suarez,AUTOPISTA,4,-34.64035082,-58.37709334,MOTO-MOTO,MOTO,MOTO
2018-0105,1,2018-10-03,2018,10,3,18:12:00,18,Nazca Av. y Rivadavia Av.,AVENIDA,7,-34.63070603,-58.46963952,PEATON-PASAJEROS,PEATON,PASAJEROS
2018-0106,1,2018-10-04,2018,10,4,22:02:00,22,"Figueroa Alcorta, Pres. Av. y Echeverria",AVENIDA,13,-34.55161027,-58.43674281,MOTO-MOTO,MOTO,MOTO
2018-0107,1,2018-10-06,2018,10,6,14:20:00,14,Rivadavia Av. y Jujuy Av.,AVENIDA,3,-34.61011987,-58.4059686,PEATON-PASAJEROS,PEATON,PASAJEROS
2018-0108,1,2018-10-09,2018,10,9,14:00:00,14,"De Los Italianos Av. y Guemes, Macacha",AVENIDA,1,-34.60463618,-58.36154069,MOTO-AUTO,MOTO,AUTO
2018-0109,1,2018-10-10,2018,10,10,22:12:00,22,"Tucuman y Alem, Leandro N. Av.",AVENIDA,1,-34.60066507,-58.37062179,PEATON-PASAJEROS,PEATON,PASAJEROS
2018-0110,1,2018-10-13,2018,10,13,03:05:00,3,"Corrientes Av. y Gallardo, Angel Av.",AVENIDA,15,-34.60207186,-58.43220014,PEATON-MOTO,PEATON,MOTO
2018-0111,1,2018-10-19,2018,10,19,12:13:00,12,AU Perito Moreno y Av. Eva Perón SENTIDO CENTRO,AUTOPISTA,9,-34.64949724,-58.46958442,MOTO-CARGAS,MOTO,CARGAS
2018-0112,1,2018-10-24,2018,10,24,09:18:00,9,Muñecas y Serrano,CALLE,15,-34.59970903,-58.44671397,MOTO-CARGAS,MOTO,CARGAS
2018-0113,1,2018-10-25,2018,10,25,11:00:00,11,"Artigas, Jose Gervasio, Gral. y Tres Arroyos",CALLE,11,-34.61474911,-58.47152163,MOTO-CARGAS,MOTO,CARGAS
2018-0114,1,2018-10-30,2018,10,30,02:15:00,2,Solis e Independencia Av.,AVENIDA,1,-34.61807951,-58.39032921,MOTO-AUTO,MOTO,AUTO
2018-0115,1,2018-10-31,2018,10,31,12:30:00,12,"Bosch, Ventura y Paz, Gral. Av.",CALLE,9,-34.64297861,-58.52887773,PEATON-PASAJEROS,PEATON,PASAJEROS
2018-0116,1,2018-11-01,2018,11,1,10:50:00,10,"Paz, Gral. Av. 14800",AVENIDA,8,-34.67981324,-58.49371157,PEATON-CARGAS,PEATON,CARGAS
2018-0117,1,2018-11-04,2018,11,4,8:15:00,8,Av. Eva Perón 5321,AVENIDA,9,-34.66012327,-58.48266599,MOTO-MOTO,MOTO,MOTO
2018-0118,1,2018-11-05,2018,11,5,14:49:00,14,"Peron, Juan Domingo, Tte. General y Pueyrredon Av.",AVENIDA,3,-34.60774301,-58.40612253,PEATON-MOTO,PEATON,MOTO
2018-0119,1,2018-11-05,2018,11,5,22:35:00,22,Rabanal y San Pedrito,AVENIDA,8,-34.66292532,-58.43613623,PEATON-SD,PEATON,SD
2018-0120,1,2018-11-09,2018,11,9,13:34:00,13,Monroe y Alvarez Thomas Av.,AVENIDA,12,-34.57208238,-58.48250732,PEATON-AUTO,PEATON,AUTO
2018-0121,1,2018-11-09,2018,11,9,16:32:00,16,Rivadavia Av. y Manzoni,AVENIDA,10,-34.6374328,-58.49945705,PEATON-PASAJEROS,PEATON,PASAJEROS
2018-0122,1,2018-11-12,2018,11,12,01:00:00,1,AU Dellepiane Luis Tte. Gral. y Larrazabal,AUTOPISTA,8,-34.67233407,-58.47743966,AUTO-AUTO,AUTO,AUTO
2018-0123,1,2018-11-12,2018,11,12,03:32:00,3,"Paz, Gral. Av. y Peron, Eva Av.",AVENIDA,9,-34.67450313,-58.5025179,AUTO-SD,AUTO,SD
2018-0124,1,2018-11-15,2018,11,15,19:40:00,19,AU Perito Moreno y Reservistas Argentinos,AUTOPISTA,9,-34.63682499,-58.52144411,CARGAS-CARGAS,CARGAS,CARGAS
2018-0125,1,2018-11-16,2018,11,16,21:12:00,21,Saenz Av. y Ventana,AVENIDA,4,-34.65084045,-58.41650465,PEATON-PASAJEROS,PEATON,PASAJEROS
2018-0126,1,2018-11-18,2018,11,18,12:11:00,12,Avda. General Paz y Cnel. Ramón Falcón,AVENIDA,9,-34.64055918,-58.52994219,MOTO-AUTO,MOTO,AUTO
2018-0127,1,2018-11-19,2018,11,19,09:14:00,9,Av. Gral. Paz y Av. de los Constituyentes,AVENIDA,12,-34.56919739,-58.50993046,MOTO-MOTO,MOTO,MOTO
2018-0128,2,2018-11-25,2018,11,25,04:30:00,4,"Paz, Gral. Av. 11200",AVENIDA,9,-34.64592873,-58.52844623,AUTO-PASAJEROS,AUTO,PASAJEROS
2018-0129,1,2018-11-28,2018,11,28,04:01:00,4,"Newbery, Jorge Av. y Guevara",AVENIDA,15,-34.58695347,-58.45021367,MOTO-PASAJEROS,MOTO,PASAJEROS
2018-0130,1,2018-12-03,2018,12,3,03:00:00,3,Gaona Av. y Segurola Av.,AVENIDA,10,-34.62770192,-58.49022072,MOTO-PASAJEROS,MOTO,PASAJEROS
2018-0131,1,2018-12-07,2018,12,7,19:10:00,19,"Madero, Eduardo Av. 550",AVENIDA,1,-34.60106568,-58.36860866,MOTO-CARGAS,MOTO,CARGAS
2018-0132,1,2018-12-12,2018,12,12,08:26:00,8,"AU Arturo Illia y Castillo, Ramon S.",AUTOPISTA,2,-34.57241534,-58.39490504,PEATON-CARGAS,PEATON,CARGAS
2018-0133,1,2018-12-12,2018,12,12,14:07:00,14,Nazca Av. y Rivadavia Av.,AVENIDA,7,-34.63070603,-58.46963952,PEATON-CARGAS,PEATON,CARGAS
2018-0134,1,2018-12-12,2018,12,12,21:00:00,21,La Plata Av. y Caseros Av.,AVENIDA,7,-34.64019887,-58.42349365,PEATON-MOTO,PEATON,MOTO
2018-0135,1,2018-12-18,2018,12,18,14:40:00,14,Belgrano Av. y Peru,AVENIDA,1,-34.61265002,-58.37471802,PEATON-PASAJEROS,PEATON,PASAJEROS
2018-0136,1,2018-12-18,2018,12,18,15:42:00,15,Rivadavia Av. 7013,AVENIDA,7,-34.62913916,-58.46438789,PEATON-PASAJEROS,PEATON,PASAJEROS
2018-0137,1,2018-12-18,2018,12,18,20:15:00,20,Adolfo Alsina y Santiago del Estero,CALLE,1,-34.61100424,-58.38481975,MOTO-PASAJEROS,MOTO,PASAJEROS
2018-0138,1,2018-12-21,2018,12,21,09:30:00,9,Bermudez 1893,CALLE,10,-34.62073702,-58.50751833,PASAJEROS-PASAJEROS,PASAJEROS,PASAJEROS
2018-0139,1,2018-12-22,2018,12,22,06:30:00,6,Santander 1974,CALLE,7,-34.63888084,-58.44682986,MOTO-MOTO,MOTO,MOTO
2018-0140,1,2018-12-22,2018,12,22,8:05:00,8,Julieta Lanteri 1400,CALLE,1,-34.61381341,-58.3600465,AUTO-AUTO,AUTO,AUTO
2018-0141,1,2018-12-22,2018,12,22,17:40:00,17,Maza y Av. Independencia,AVENIDA,5,-34.62085945,-58.41509546,PEATON-MOTO,PEATON,MOTO
2018-0142,1,2018-12-25,2018,12,25,13:30:00,13,"PAZ, GRAL. AV. 5172",AVENIDA,12,-34.57251072,-58.50997604,CARGAS-PASAJEROS,CARGAS,PASAJEROS
2018-0143,1,2018-12-29,2018,12,29,05:25:00,5,"Olivera Av. y Alberdi, Juan Bautista Av.",AVENIDA,10,-34.64047818,-58.48606475,MOTO-AUTO,MOTO,AUTO
2019-0001,1,2019-01-08,2019,1,8,8:30:00,8,"CASTILLO, RAMON S., PRES. AV. Y CALLE 12",AVENIDA,2,-34.5780581,-58.38526125,MOTO-CARGAS,MOTO,CARGAS
2019-0002,1,2019-01-09,2019,1,9,4:00:00,4,"CASTAÑARES AV. Y MORENO, PERITO AV.",AVENIDA,7,-34.65082149,-58.45463662,AUTO-CARGAS,AUTO,CARGAS
2019-0003,1,2019-01-12,2019,1,12,8:00:00,8,SAN MARTIN AV. Y TERRADA,AVENIDA,15,-34.59718073,-58.49121672,MOTO-AUTO,MOTO,AUTO
2019-0004,1,2019-01-14,2019,1,14,19:58:00,19,"PERON, EVA AV. Y MEDINA",AVENIDA,9,-34.65284605,-58.47325712,AUTO-PASAJEROS,AUTO,PASAJEROS
2019-0005,1,2019-01-19,2019,1,19,12:00:00,12,"JUSTO, JUAN B. AV. Y ALVAREZ JONTE AV.",AVENIDA,10,-34.63382309,-58.52108101,MOTO-CARGAS,MOTO,CARGAS
2019-0006,1,2019-01-23,2019,1,23,5:45:00,5,"OBLIGADO RAFAEL, AV. COSTANERA 4650",AVENIDA,14,-34.55509606,-58.41652702,PEATON-AUTO,PEATON,AUTO
2019-0007,1,2019-01-26,2019,1,26,19:34:00,19,"MITRE, BARTOLOME Y YATAY",CALLE,5,-34.6107166,-58.42891604,MOTO-AUTO,MOTO,AUTO
2019-0008,1,2019-01-30,2019,1,30,22:45:00,22,"PAZ, GRAL. AV. 16080",AVENIDA,8,-34.69156793,-58.47802293,MULTIPLE,MOTO,MULTIPLE
2019-0009,1,2019-01-31,2019,1,31,14:55:00,14,CHACABUCO Y SAN JUAN AV.,AVENIDA,1,-34.62200207,-58.37564821,MOTO-AUTO,MOTO,AUTO
2019-0010,2,2019-02-02,2019,2,2,7:50:00,7,DEL LIBERTADOR AV. 4100,AVENIDA,14,-34.56961468,-58.42668489,PEATON-AUTO,PEATON,AUTO
2019-0011,1,2019-02-10,2019,2,10,1:00:00,1,"PAZ, GRAL. AV. Y ALBERDI, JUAN BAUTISTA AV.",AVENIDA,9,-34.66252488,-58.5183993,PEATON-AUTO,PEATON,AUTO
2019-0012,1,2019-02-17,2019,2,17,3:16:00,3,"CASTAÑARES AV. Y GORDILLO, TIMOTEO",AVENIDA,8,-34.67665828,-58.48432691,MOTO-AUTO,MOTO,AUTO
2019-0013,1,2019-02-20,2019,2,20,7:30:00,7,SALVIGNY Y MOM,CALLE,7,-34.64457699,-58.4338383,PEATON-AUTO,PEATON,AUTO
2019-0014,1,2019-02-20,2019,2,20,17:30:00,17,"LAMARCA, EMILIO 5402",CALLE,11,-34.58657938,-58.51664939,MOTO-OBJETO FIJO,MOTO,OBJETO FIJO
2019-0015,1,2019-02-23,2019,2,23,6:57:00,6,SAN MARTIN AV. 5638,AVENIDA,11,-34.59703502,-58.49613012,AUTO-OBJETO FIJO,AUTO,OBJETO FIJO
2019-0016,1,2019-02-24,2019,2,24,2:00:00,2,"CARRILLO, RAMON, DR. Y FINOCHIETTO ENRIQUE DR.",CALLE,4,-34.63356284,-58.38313603,MOTO-PASAJEROS,MOTO,PASAJEROS
2019-0017,1,2019-03-03,2019,3,3,7:00:00,7,MEXICO Y PICHINCHA,CALLE,3,-34.61632317,-58.39914719,AUTO-PASAJEROS,AUTO,PASAJEROS
2019-0018,1,2019-03-03,2019,3,3,23:30:00,23,"CANTILO, INT. Y UDAONDO, GUILLERMO AV.",AUTOPISTA,13,-34.54048625,-58.44927253,PEATON-AUTO,PEATON,AUTO
2019-0019,1,2019-03-06,2019,3,6,12:00:00,12,DEL LIBERTADOR AV. 6326,AVENIDA,13,-34.55374003,-58.45049163,MOTO-AUTO,MOTO,AUTO
2019-0020,1,2019-03-07,2019,3,7,21:01:00,21,CHICLANA AV. 3444,AVENIDA,5,-34.63572989,-58.41288952,MOTO-AUTO,MOTO,AUTO
2019-0021,1,2019-03-15,2019,3,15,22:50:00,22,BOYACA AV. Y YERBAL,AVENIDA,7,-34.62561234,-58.45743597,MOTO-AUTO,MOTO,AUTO
2019-0022,1,2019-03-15,2019,3,15,0:00:00,0,ENTRE RIOS AV. BAJO PUENTE AUTOPISTA (1260 APROX),AVENIDA,1,-34.62352245,-58.39123782,AUTO-SD,AUTO,SD
2019-0023,1,2019-03-16,2019,3,16,8:28:00,8,"PAZ, GRAL. AV. Y JACQUES, AMADEO",AVENIDA,9,-34.63637963,-58.52922765,AUTO-OBJETO FIJO,AUTO,OBJETO FIJO
2019-0024,1,2019-03-19,2019,3,19,7:12:00,7,ANTARTIDA ARGENTINA AV. 1325,AVENIDA,1,-34.58541957,-58.37208118,MOTO-CARGAS,MOTO,CARGAS
2019-0025,1,2019-03-22,2019,3,22,13:10:00,13,"MITRE, BARTOLOME Y SANCHEZ DE BUSTAMANTE",CALLE,5,-34.60937557,-58.41458534,PEATON-AUTO,PEATON,AUTO
2019-0026,1,2019-03-28,2019,3,28,7:32:00,7,"FERNANDEZ DE LA CRUZ, F. , GRAL. AV. Y LARRAZABAL",AVENIDA,8,-34.69153196,-58.47976785,PEATON-PASAJEROS,PEATON,PASAJEROS
2019-0027,1,2019-03-28,2019,3,28,11:11:00,11,SANTA FE AV. Y AZCUENAGA,AVENIDA,2,-34.59511714,-58.39990285,MULTIPLE,BICICLETA,MULTIPLE
2019-0028,1,2019-04-06,2019,4,6,9:15:00,9,"JUSTO, JUAN B. AV. y OROÑO, NICASIO",AVENIDA,11,-34.60588536,-58.46051346,PEATON-PASAJEROS,PEATON,PASAJEROS
2019-0029,1,2019-04-07,2019,4,7,10:15:00,10,"FERNANDEZ DE LA CRUZ, F. , GRAL. AV. Y LACARRA AV.",AVENIDA,8,-34.69153196,-58.47976785,MOTO-OBJETO FIJO,MOTO,OBJETO FIJO
2019-0030,1,2019-04-09,2019,4,9,16:00:00,16,"ALVAREZ, DONATO, TTE. GRAL. Y YERBAL",CALLE,7,-34.62447891,-58.45457546,MOTO-CARGAS,MOTO,CARGAS
2019-0031,1,2019-04-12,2019,4,12,19:55:00,19,"CORDOBA AV. Y MADERO, EDUARDO AV.",AVENIDA,1,-34.59832047,-58.36951669,BICICLETA-CARGAS,BICICLETA,CARGAS
2019-0032,1,2019-04-16,2019,4,16,11:00:00,11,"CAMARONES Y ALVAREZ, DONATO, TTE. GRAL. AV.",AVENIDA,11,-34.6044379,-58.46415322,PEATON-AUTO,PEATON,AUTO
2019-0033,1,2019-04-18,2019,4,18,1:00:00,1,"AUTOPISTA 25 DE MAYO Y HUERGO, ING. AV.",AUTOPISTA,1,-34.62150748,-58.36607137,MOTO-SD,MOTO,SD
2019-0034,1,2019-04-21,2019,4,21,9:08:00,9,"MORENO, PERITO AV. 3050",AVENIDA,7,-34.65093074,-58.45537373,MOTO-OBJETO FIJO,MOTO,OBJETO FIJO
2019-0035,1,2019-04-23,2019,4,23,14:10:00,14,SUIPACHA 665,CALLE,1,-34.60053054,-58.37942637,PEATON-BICICLETA,PEATON,BICICLETA
2019-0036,1,2019-04-26,2019,4,26,22:46:00,22,RIGLOS Y FORMOSA,CALLE,6,-34.62147504,-58.4368044,MOTO-AUTO,MOTO,AUTO
2019-0037,1,2019-05-01,2019,5,1,23:10:00,23,LA RIOJA E INDEPENDENCIA AV.,AVENIDA,3,-34.61971907,-58.40778291,MOTO-AUTO,MOTO,AUTO
2019-0038,1,2019-05-04,2019,5,4,14:10:00,14,"UDAONDO, GUILLERMO AV. Y FIGUEROA ALCORTA, PRES. AV.",AVENIDA,13,-34.54628513,-58.45212523,PEATON-MOTO,PEATON,MOTO
2019-0039,1,2019-05-09,2019,5,9,3:05:00,3,SAN PEDRITO AV. Y DIRECTORIO AV.,AVENIDA,7,-34.63551751,-58.46749188,MOTO-AUTO,MOTO,AUTO
2019-0040,1,2019-05-09,2019,5,9,12:45:00,12,PUAN Y SANTANDER,CALLE,7,-34.63679732,-58.4426358,MOTO-SD,MOTO,SD
2019-0041,1,2019-05-11,2019,5,11,20:30:00,20,"ALBERDI, JUAN BAUTISTA AV. Y ANDALGALA",AVENIDA,9,-34.65846419,-58.51140289,MULTIPLE,AUTO,MULTIPLE
2019-0042,1,2019-05-14,2019,5,14,15:00:00,15,LIMA Y CONSTITUCION,CALLE,1,-34.62465368,-58.38211431,PEATON-PASAJEROS,PEATON,PASAJEROS
2019-0043,1,2019-05-21,2019,5,21,9:00:00,9,"CORDOBA AV. Y MADERO, EDUARDO AV.",AVENIDA,1,-34.59832047,-58.36951669,BICICLETA-CARGAS,BICICLETA,CARGAS
2019-0044,1,2019-05-27,2019,5,27,12:45:00,12,BOEDO AV. 650,AVENIDA,5,-34.62036547,-58.41635217,PEATON-MOTO,PEATON,MOTO
2019-0045,1,2019-06-03,2019,6,3,7:27:00,7,DEL LIBERTADOR AV. Y REPUBLICA DE LA INDIA,AVENIDA,14,-34.57579669,-58.41316147,MOTO-CARGAS,MOTO,CARGAS
2019-0046,1,2019-06-04,2019,6,4,9:00:00,9,GRAL PAZ Y CABILDO,AVENIDA,13,-34.53825652,-58.47617802,MOTO-AUTO,MOTO,AUTO
2019-0047,1,2019-06-06,2019,6,6,10:00:00,10,CASEROS AV. 1700,AVENIDA,4,-34.63330028,-58.38641783,PEATON-CARGAS,PEATON,CARGAS
2019-0048,1,2019-06-07,2019,6,7,7:00:00,7,AVELLANEDA AV. 1548,AVENIDA,6,-34.62038137,-58.45322169,MOTO-CARGAS,MOTO,CARGAS
2019-0049,1,2019-06-08,2019,6,8,9:20:00,9,CIUDAD DE LA PAZ Y MENDOZA,CALLE,13,-34.56166498,-58.45849057,PEATON-CARGAS,PEATON,CARGAS
2019-0050,1,2019-06-08,2019,6,8,23:35:00,23,"SALGUERO, JERONIMO Y HONDURAS AV.",AVENIDA,14,-34.59411677,-58.41829559,MOTO-CARGAS,MOTO,CARGAS
2019-0051,1,2019-06-11,2019,6,11,10:00:00,10,"FILIBERTO, JUAN DE DIOS Y OLAVARRIA",CALLE,4,-34.63832093,-58.36376488,MOTO-AUTO,MOTO,AUTO
2019-0053,1,2019-06-14,2019,6,14,17:20:00,17,ASTURIAS AV. Y CASTAÑARES AV.,AVENIDA,8,-34.66004784,-58.46442668,AUTO-AUTO,AUTO,AUTO
2019-0054,1,2019-06-20,2019,6,20,3:00:00,3,GANDARA 2976,CALLE,15,-34.58428769,-58.48222035,MOTO-OBJETO FIJO,MOTO,OBJETO FIJO
2019-0055,1,2019-06-20,2019,6,20,19:45:00,19,"GUEVARA, TRINIDAD Y MADERO, EDUARDO AV.",AVENIDA,1,-34.60283208,-58.36819005,MOTO-PASAJEROS,MOTO,PASAJEROS
2019-0056,1,2019-06-29,2019,6,29,17:16:00,17,BOYACA AV. 305,AVENIDA,7,-34.62330939,-58.45877601,PEATON-AUTO,PEATON,AUTO
2019-0057,1,2019-07-05,2019,7,5,19:00:00,19,ARTILLEROS Y LA PAMPA,CALLE,13,-34.55760517,-58.44196498,PEATON-AUTO,PEATON,AUTO
2019-0058,1,2019-07-10,2019,7,10,9:20:00,9,AUTOPISTA PERITO MORENO ALTURA PASO A NIVEL DE IRIGOYEN,AUTOPISTA,10,-34.63627822,-58.50622631,MOTO-PASAJEROS,MOTO,PASAJEROS
2019-0059,1,2019-07-13,2019,7,13,22:35:00,22,15 DE NOVIEMBRE DE 1889 Y SANTIAGO DEL ESTERO,CALLE,1,-34.63099197,-58.3841088,MOTO-PASAJEROS,MOTO,PASAJEROS
2019-0060,1,2019-07-17,2019,7,17,11:20:00,11,"ACOSTA, MARIANO AV. Y FALCON, RAMON L., CNEL.",AVENIDA,10,-34.63504312,-58.48100602,PEATON-AUTO,PEATON,AUTO
2019-0061,1,2019-07-17,2019,7,17,18:40:00,18,11 DE SEPTIEMBRE DE 1888 Y MENDOZA,CALLE,13,-34.5578132,-58.45200171,PEATON-PASAJEROS,PEATON,PASAJEROS
2019-0062,1,2019-08-01,2019,8,1,23:00:00,23,"PINO, VIRREY DEL Y CAMPOS, LUIS M. AV.",AVENIDA,13,-34.56201105,-58.44462132,PEATON-PASAJEROS,PEATON,PASAJEROS
2019-0063,1,2019-08-04,2019,8,4,1:30:00,1,FOREST AV. Y MAURE,AVENIDA,15,-34.58711712,-58.45220688,MOTO-PASAJEROS,MOTO,PASAJEROS
2019-0064,1,2019-08-06,2019,8,6,3:15:00,3,"BOYACA AV. Y AVELLANEDA AV,",AVENIDA,7,-34.6224514,-58.4596221,MOTO-AUTO,MOTO,AUTO
2019-0065,1,2019-08-08,2019,8,8,16:45:00,16,BARCO CENTENERA DEL Y TILCARA,CALLE,4,-34.65414867,-58.4197085,PEATON-PASAJEROS,PEATON,PASAJEROS
2019-0066,1,2019-08-11,2019,8,11,21:15:00,21,RIESTRA AV. Y BOLIVAR,AVENIDA,7,-34.64938031,-58.44187596,PEATON-AUTO,PEATON,AUTO
2019-0067,1,2019-08-14,2019,8,14,15:00:00,15,"CASTRO, EMILIO 4706",CALLE,10,-34.64276621,-58.49101637,MOTO-CARGAS,MOTO,CARGAS
2019-0068,1,2019-08-14,2019,8,14,17:40:00,17,27 DE FEBRERO AV. 5600,AVENIDA,8,-34.66256502,-58.42493829,MOTO-MOTO,MOTO,MOTO
2019-0069,1,2019-08-17,2019,8,17,5:25:00,5,"GARAY, JUAN DE AV. 2874",AVENIDA,4,-34.62930162,-58.40489318,MOTO-AUTO,MOTO,AUTO
2019-0070,1,2019-08-22,2019,8,22,12:30:00,12,"SCALABRINI ORTIZ, RAUL AV. y GORRITI",AVENIDA,14,-34.59217875,-58.4268668,MOTO-BICICLETA,MOTO,BICICLETA
2019-0071,1,2019-08-27,2019,8,27,11:30:00,11,PRIMERA JUNTA Y OLIVERA AV.,AVENIDA,9,-34.65620398,-58.479611,PEATON-CARGAS,PEATON,CARGAS
2019-0072,1,2019-08-28,2019,8,28,6:20:00,6,"ALBERDI, JUAN BAUTISTA AV. Y AZUL",AVENIDA,10,-34.63524207,-58.47439934,AUTO-AUTO,AUTO,AUTO
2019-0073,1,2019-08-29,2019,8,29,1:50:00,1,ALVAREZ THOMAS AV. 1788,AVENIDA,15,-34.57926018,-58.46711912,AUTO-OBJETO FIJO,AUTO,OBJETO FIJO
2019-0074,1,2019-08-29,2019,8,29,9:00:00,9,"LUGONES, LEOPOLDO AV. Y PAZ, GRAL. AV.",AUTOPISTA,13,-34.53465378,-58.46514781,MOTO-CARGAS,MOTO,CARGAS
2019-0075,1,2019-08-30,2019,8,30,23:20:00,23,SAN ANTONIO Y LUJAN,CALLE,4,-34.65584079,-58.37571078,MOTO-PASAJEROS,MOTO,PASAJEROS
2019-0076,1,2019-09-05,2019,9,5,18:00:00,18,AUTOPISTA 1 SUR PRESIDENTE ARTURO FRONDIZI ALTURA DON PEDRO DE MENDOZA AV.,AUTOPISTA,4,-34.65429986,-58.37157668,MOTO-CARGAS,MOTO,CARGAS
2019-0077,1,2019-09-08,2019,9,8,3:40:00,3,"FIGUEROA ALCORTA, PRES. AV. Y TAGLE",AVENIDA,14,-34.58070186,-58.39811256,PEATON-AUTO,PEATON,AUTO
2019-0078,1,2019-09-12,2019,9,12,8:25:00,8,"EINSTEIN, ALBERTO Y ALCORTA, AMANCIO AV.",AVENIDA,4,-34.6541774,-58.41125934,PEATON-CARGAS,PEATON,CARGAS
2019-0079,1,2019-09-17,2019,9,17,5:30:00,5,AGRELO Y COLOMBRES,CALLE,5,-34.61866836,-58.41822901,MOTO-PASAJEROS,MOTO,PASAJEROS
2019-0080,1,2019-09-17,2019,9,17,18:40:00,18,"CABILDO AV. y PAZ, GRAL. AV.",AVENIDA,13,-34.53825652,-58.47617802,PEATON-MOTO,PEATON,MOTO
2019-0081,1,2019-09-23,2019,9,23,16:00:00,16,ELCANO AV. 4300,AVENIDA,15,-34.58623761,-58.46141281,PEATON-PASAJEROS,PEATON,PASAJEROS
2019-0082,1,2019-09-25,2019,9,25,7:45:00,7,"RABANAL, FRANCISCO, INTENDENTE AV. 2428",AVENIDA,8,-34.6611974,-58.42985146,BICICLETA-CARGAS,BICICLETA,CARGAS
2019-0083,1,2019-09-26,2019,9,26,8:00:00,8,MONTE Y CORVALAN,CALLE,9,-34.6583909,-58.48457413,AUTO-AUTO,AUTO,AUTO
2019-0084,1,2019-09-27,2019,9,27,11:45:00,11,TANDIL Y LA FUENTE,CALLE,7,-34.63628186,-58.46572884,BICICLETA-CARGAS,BICICLETA,CARGAS
2019-0085,1,2019-10-09,2019,10,9,22:18:00,22,CARDOSO Y BACACAY,CALLE,10,-34.6341913,-58.49261744,BICICLETA-TREN,BICICLETA,TREN
2019-0086,1,2019-10-15,2019,10,15,14:10:00,14,CORRIENTES AV. 6700,AVENIDA,15,-34.5884156,-58.45283186,MOTO-PASAJEROS,MOTO,PASAJEROS
2019-0087,1,2019-10-21,2019,10,21,21:00:00,21,ALVAREZ THOMAS AV. Y MENDOZA,AVENIDA,12,-34.57418656,-58.47973681,MOTO-MOTO,MOTO,MOTO
2019-0088,1,2019-10-22,2019,10,22,20:00:00,20,"ALCORTA, AMANCIO AV. Y BONAVENA, OSCAR NATALIO",AVENIDA,4,-34.65076549,-58.40623949,PEATON-PASAJEROS,PEATON,PASAJEROS
2019-0089,1,2019-10-23,2019,10,23,15:45:00,15,"BROWN, ALTE. AV. Y BLANES, JUAN MANUEL",AVENIDA,4,-34.63107887,-58.36244648,PEATON-CARGAS,PEATON,CARGAS
2019-0090,1,2019-10-24,2019,10,24,18:26:00,18,"ALBERDI, JUAN BAUTISTA AV. 5455",AVENIDA,9,-34.64868027,-58.49962423,PEATON-MOTO,PEATON,MOTO
2019-0091,1,2019-11-01,2019,11,1,20:50:00,20,"JUSTO, JUAN B. AV. Y CAMARGO",AVENIDA,15,-34.59559816,-58.44551437,PEATON-PASAJEROS,PEATON,PASAJEROS
2019-0092,1,2019-11-03,2019,11,3,10:30:00,10,"BRIN, MINISTRO Y SUAREZ",CALLE,4,-34.63420319,-58.35608181,PEATON-PASAJEROS,PEATON,PASAJEROS
2019-0093,1,2019-11-13,2019,11,13,11:50:00,11,"NIZA Y JUSTO, JUAN B. AV.",AVENIDA,11,-34.60907662,-58.46483679,BICICLETA-OTRO,BICICLETA,OTRO
2019-0094,1,2019-11-18,2019,11,18,14:00:00,14,CAMARGO Y SERRANO,CALLE,15,-34.59724326,-58.44368628,MOTO-OTRO,MOTO,OTRO
2019-0095,1,2019-11-20,2019,11,20,15:30:00,15,AUTOPISTA 1 SUR PRESIDENTE ARTURO FRONDIZI ALTURA CASEROS AV.,AUTOPISTA,1,-34.62907067,-58.37864583,MOTO-CARGAS,MOTO,CARGAS
2019-0096,1,2019-11-22,2019,11,22,19:33:00,19,CASEROS AV. Y PIEDRAS,AVENIDA,1,-34.62726382,-58.37560352,PEATON-PASAJEROS,PEATON,PASAJEROS
2019-0097,1,2019-11-25,2019,11,25,8:50:00,8,"AUTOPISTA PERITO MORENO KM 5,6",AUTOPISTA,9,-34.64815069,-58.47721439,MULTIPLE,MOTO,MULTIPLE
2019-0098,1,2019-11-25,2019,11,25,14:00:00,14,GUZMAN 365,AVENIDA,15,-34.58984288,-58.45134029,PASAJEROS-PASAJEROS,PASAJEROS,PASAJEROS
2019-0100,1,2019-12-05,2019,12,5,17:30:00,17,de los constituyentes av. 4300,AVENIDA,12,-34.58368803,-58.49040794,MOTO-AUTO,MOTO,AUTO
2019-0101,1,2019-12-17,2019,12,17,4:20:00,4,"MORENO, PERITO AV. Y TILCARA AV.",AVENIDA,4,-34.64991178,-58.42102679,MOTO-MOTO,MOTO,MOTO
2019-0102,1,2019-12-17,2019,12,17,14:30:00,14,"IBARROLA Y GORDILLO, TIMOTEO",CALLE,9,-34.64143926,-58.52219407,MOTO-AUTO,MOTO,AUTO
2019-0103,1,2019-12-18,2019,12,18,00:00:00,0,"PAZ, GRAL. AV. Y GRIVEO",AVENIDA,11,-34.5947164,-58.52169422,MOTO-MOTO,MOTO,MOTO
2019-0104,1,2019-12-21,2019,12,21,4:25:00,4,RIVADAVIA AV. Y PERGAMINO,AVENIDA,10,-34.63206174,-58.47460416,MOTO-AUTO,MOTO,AUTO
2019-0105,1,2019-05-05,2019,5,5,11:00:00,11,SANTO TOME Y SEGUROLA AV.,AVENIDA,10,-34.61520391,-58.50512382,PEATON-AUTO,PEATON,AUTO
2020-0001,1,2020-01-04,2020,1,4,10:40:00,10,URIARTE Y LOYOLA,CALLE,15,-34.59213355,-58.43910409,PEATON-AUTO,PEATON,AUTO
2020-0002,1,2020-01-05,2020,1,5,20:00:00,20,SARAZA Y VARELA AV.,AVENIDA,7,-34.64646409,-58.45019436,MOTO-OBJETO FIJO,MOTO,OBJETO FIJO
2020-0003,1,2020-01-11,2020,1,11,6:00:00,6,RIVADAVIA AV. Y COMBATE DE LOS POZOS,AVENIDA,3,-34.60927582,-58.39337644,PEATON-AUTO,PEATON,AUTO
2020-0004,1,2020-01-14,2020,1,14,21:40:00,21,RODRIGUEZ PEÑA Y RIVADAVIA AV.,AVENIDA,1,-34.60919284,-58.39055614,PEATON-PASAJEROS,PEATON,PASAJEROS
2020-0005,1,2020-01-14,2020,1,14,6:00:00,6,24 DE NOVIEMBRE Y SAN JUAN AV.,AVENIDA,3,-34.62477021,-58.41036975,MOTO-PASAJEROS,MOTO,PASAJEROS
2020-0006,1,2020-01-20,2020,1,20,12:55:00,12,LAFUENTE AV. 2250,AVENIDA,8,-34.65412546,-58.44925765,MOTO-CARGAS,MOTO,CARGAS
2020-0007,1,2020-01-27,2020,1,27,0:37:00,0,CHILE Y LIMA ,CALLE,1,-34.61648696,-58.3815685,PEATON-MOTO,PEATON,MOTO
2020-0008,1,2020-01-30,2020,1,30,7:10:00,7,CORDOBA AV. Y JEAN JAURES,AVENIDA,2,-34.59804521,-58.40662899,MOTO-CARGAS,MOTO,CARGAS
2020-0009,1,2020-02-04,2020,2,4,14:50:00,14,"PERON, JUAN DOMINGO, TTE. GENERAL Y SALGUERO, JERONIMO",CALLE,5,-34.6060085,-58.41985649,PEATON-AUTO,PEATON,AUTO
2020-0010,1,2020-02-08,2020,2,8,5:45:00,5,9 DE JULIO AV. Y SAN JUAN AV.,AVENIDA,1,-34.62214953,-58.38099833,MOTO-OBJETO FIJO,MOTO,OBJETO FIJO
2020-0011,1,2020-02-12,2020,2,12,11:29:00,11,COLOMBRES 466,CALLE,5,-34.61823178,-58.41803309,MOTO-CARGAS,MOTO,CARGAS
2020-0012,1,2020-02-18,2020,2,18,21:00:00,21,MEXICO 2860,CALLE,3,-34.61783553,-58.40604003,PEATON-MOTO,PEATON,MOTO
2020-0013,1,2020-02-20,2020,2,20,12:00:00,12,COMBATIENTES DE MALVINAS AV. Y TRIUNVITARO AV.,AVENIDA,15,-34.57994061,-58.47549929,PEATON-MOTO,PEATON,MOTO
2020-0014,1,2020-02-27,2020,2,27,2:14:00,2,BERMUDEZ Y NOGOYA,CALLE,11,-34.61600366,-58.51398484,MOTO-PASAJEROS,MOTO,PASAJEROS
2020-0015,1,2020-02-28,2020,2,28,14:30:00,14,BRASIL AV. Y PASEO COLON AV.,AVENIDA,1,-34.62519403,-58.36797542,MOTO-PASAJEROS,MOTO,PASAJEROS
2020-0016,1,2020-02-29,2020,2,29,13:00:00,13,"ALEM,LEANDRO N. AV. 770",AVENIDA,1,-34.59879316,-58.37133616,PEATON-PASAJEROS,PEATON,PASAJEROS
2020-0017,1,2020-03-05,2020,3,5,23:00:00,23,BELGRANO AV. Y RINCON,AVENIDA,3,-34.61413568,-58.39613805,PEATON-AUTO,PEATON,AUTO
2020-0018,1,2020-03-09,2020,3,9,14:00:00,14,"UDAONDO, GUILLERMO AV. 901",AVENIDA,13,-34.54200276,-58.44903073,MOTO-OBJETO FIJO,MOTO,OBJETO FIJO
2020-0019,1,2020-03-10,2020,3,10,21:00:00,21,CONSTITUCION Y CASTRO,CALLE,5,-34.6284667,-58.41972364,PEATON-AUTO,PEATON,AUTO
2020-0020,1,2020-03-13,2020,3,13,17:30:00,17,"PUEYRREDON AV. Y GOMEZ, VALENTIN",AVENIDA,3,-34.60557123,-58.40571596,PEATON-MOTO,PEATON,MOTO
2020-0021,1,2020-03-14,2020,3,14,16:50:00,16,"BRAVO, MARIO 1279",CALLE,2,-34.59488319,-58.4145159,PEATON-AUTO,PEATON,AUTO
2020-0022,1,2020-04-07,2020,4,7,6:15:00,6,"DELLEPIANE, LUIS, TTE. GRAL. Y ESCALADA AV.",AUTOPISTA,9,-34.66245085,-58.47297505,AUTO-CARGAS,AUTO,CARGAS
2020-0023,1,2020-04-09,2020,4,9,18:42:00,18,"ARAOZ DE LAMADRID, GREGORIO, GRAL. Y BROWN, ALTE. AV.",AVENIDA,4,-34.63695178,-58.35791192,AUTO-CARGAS,AUTO,CARGAS
2020-0024,1,2020-04-24,2020,4,24,7:58:00,7,MURGUIONDO 1339,CALLE,9,-34.65177305,-58.50801713,AUTO-AUTO,AUTO,AUTO
2020-0025,1,2020-05-12,2020,5,12,5:35:00,5,RIVADAVIA AV. 2551,AVENIDA,3,-34.60975108,-58.40258477,PEATON-AUTO,PEATON,AUTO
2020-0026,1,2020-05-17,2020,5,17,6:40:00,6,"LUGONES, LEOPOLDO AV. KM 6,1",AUTOPISTA,14,-34.549888,-58.435418,MOTO-OBJETO FIJO,MOTO,OBJETO FIJO
2020-0027,1,2020-05-18,2020,5,18,8:00:00,8,"DELLEPIANE, LUIS, TTE. GRAL. Y MONTIEL",AVENIDA,8,-34.68454456,-58.48267426,PEATON-CARGAS,PEATON,CARGAS
2020-0028,1,2020-05-19,2020,5,19,10:00:00,10,"SCALABRINI ORTIZ, RAUL AV. Y WARNES AV.",AVENIDA,15,-34.60221948,-58.44248936,PEATON-PASAJEROS,PEATON,PASAJEROS
2020-0029,1,2020-06-10,2020,6,10,14:00:00,14,"PAZ, GRAL. AV. y ROFFO, ANGEL H., DR.",AVENIDA,9,-34.63886726,-58.52909134,PEATON-PASAJEROS,PEATON,PASAJEROS
2020-0030,1,2020-06-16,2020,6,16,15:00:00,15,SAN MARTIN AV. 1550,AVENIDA,6,-34.6064658,-58.45158942,MULTIPLE,MOTO,MULTIPLE
2020-0031,1,2020-06-30,2020,6,30,8:00:00,8,"GARZON, EUGENIO, GRAL. AV. y LARRAYA",AVENIDA,9,-34.65788529,-58.49344309,MOTO-CARGAS,MOTO,CARGAS
2020-0032,1,2020-07-10,2020,7,10,23:00:00,23,CORRIENTES AV. Y SERRANO,AVENIDA,15,-34.59635137,-58.44259166,MOTO-AUTO,MOTO,AUTO
2020-0033,1,2020-07-19,2020,7,19,6:25:00,6,"PAZ, GRAL. AV. Y DEL LIBERTADOR AV.",AVENIDA,13,-34.53476874,-58.46743471,AUTO-OBJETO FIJO,AUTO,OBJETO FIJO
2020-0034,1,2020-08-02,2020,8,2,3:20:00,3,"MITRE, BARTOLOME Y ANCHORENA, TOMAS MANUEL DE, DR.",CALLE,3,-34.60922259,-58.41178158,PEATON-AUTO,PEATON,AUTO
2020-0035,1,2020-08-04,2020,8,4,5:30:00,5,"AU 25 DE MAYO ALTURA PUMACAHUA Y RECUERO, CASIMIRO, TTE. CNEL.",AUTOPISTA,7,-34.63638927,-58.45068621,MOTO-PASAJEROS,MOTO,PASAJEROS
2020-0036,1,2020-08-07,2020,8,7,18:40:00,18,"SCALABRINI ORTIZ, RAUL AV. Y PARAGUAY",AVENIDA,14,-34.5877879,-58.42016954,PEATON-MOTO,PEATON,MOTO
2020-0037,1,2020-08-29,2020,8,29,4:30:00,4,"FERNANDEZ DE LA CRUZ, F., GRAL. AV. Y VARELA AV.",AVENIDA,8,-34.65554754,-58.43850413,PEATON-AUTO,PEATON,AUTO
2020-0038,2,2020-08-30,2020,8,30,4:00:00,4,"LAS HERAS GENERAL AV. Y DIAZ, CNEL. AV.",AVENIDA,14,-34.58345898,-58.40617526,AUTO-AUTO,AUTO,AUTO
2020-0039,1,2020-09-01,2020,9,1,19:17:42,19,MURGUIONDO 2700,CALLE,9,-34.663132,-58.493177,PEATON-CARGAS,PEATON,CARGAS
2020-0040,1,2020-09-12,2020,9,12,3:30:00,3,"CASTILLO, RAMON S., PRES. AV. Y CALLE 12",AVENIDA,2,-34.5780581,-58.38526125,AUTO-OBJETO FIJO,AUTO,OBJETO FIJO
2020-0041,1,2020-09-28,2020,9,28,1:45:00,1,"CURAPALIGUE Y PERON, EVA AV.",AVENIDA,7,-34.63491705,-58.4475047,MOTO-PASAJEROS,MOTO,PASAJEROS
2020-0042,1,2020-09-29,2020,9,29,17:10:00,17,"DIAZ, ANA Y SOLDADO DE LA FRONTERA AV.",AVENIDA,8,-34.68192648,-58.46745752,PEATON-PASAJEROS,PEATON,PASAJEROS
2020-0043,1,2020-09-30,2020,9,30,17:20:00,17,"ALEM, LEANDRO N. AV. Y PARAGUAY",AVENIDA,1,-34.59717942,-58.37202621,PEATON-PASAJEROS,PEATON,PASAJEROS
2020-0044,1,2020-10-05,2020,10,5,0:20:00,0,LA PLATA AV. E INDEPENDENCIA,AVENIDA,6,-34.62207347,-58.42779702,AUTO-AUTO,AUTO,AUTO
2020-0045,1,2020-10-19,2020,10,19,3:00:00,3,"PAZ, GRAL. AV. Y 27 DE FEBRERO AV.",AVENIDA,8,-34.70524971,-58.46244952,AUTO-CARGAS,AUTO,CARGAS
2020-0046,1,2020-10-27,2020,10,27,21:00:00,21,"NAZCA AV. Y CARRANZA, ADOLFO P.",AVENIDA,11,-34.60776782,-58.4844016,MOTO-MOTO,MOTO,MOTO
2020-0047,1,2020-10-27,2020,10,27,14:00:00,14,AUTOPISTA CAMPORA ALTURA LACARRA AV.,AUTOPISTA,9,-34.65174801,-58.46668375,PEATON-CARGAS,PEATON,CARGAS
2020-0048,1,2020-10-29,2020,10,29,20:20:00,20,DORREGO AV. 614,AVENIDA,15,-34.59322448,-58.4495878,MOTO-OBJETO FIJO,MOTO,OBJETO FIJO
2020-0049,1,2020-10-30,2020,10,30,20:00:00,20,"DEL LIBERTADOR AV. Y RAMOS MEJIA, JOSE MARIA, DR. AV.",AVENIDA,1,-34.59276462,-58.37533517,PEATON-AUTO,PEATON,AUTO
2020-0050,1,2020-11-01,2020,11,1,22:00:00,22,SANTA FE AV. Y GODOY CRUZ,AVENIDA,14,-34.57866344,-58.42525456,PEATON-MOTO,PEATON,MOTO
2020-0051,1,2020-11-05,2020,11,5,0:40:00,0,AVELLANEDA AV. Y MERCEDES,AVENIDA,10,-34.62981124,-58.48493828,MOTO-AUTO,MOTO,AUTO
2020-0052,1,2020-11-07,2020,11,7,6:50:00,6,TUCUMAN Y PUEYRREDON AV.,AVENIDA,3,-34.60183884,-58.40480504,BICICLETA-CARGAS,BICICLETA,CARGAS
2020-0053,1,2020-11-09,2020,11,9,3:30:00,3,"ALCORTA, AMANCIO AV. Y EINSTEIN, ALBERTO",AVENIDA,4,-34.6541774,-58.41125934,AUTO-AUTO,AUTO,AUTO
2020-0054,1,2020-11-19,2020,11,19,9:00:00,9,INCLAN Y ALBERTI,CALLE,4,-34.6297708,-58.39956546,BICICLETA-AUTO,BICICLETA,AUTO
2020-0055,1,2020-11-19,2020,11,19,12:30:00,12,OLAZABAL AV. 5437,AVENIDA,12,-34.5786897,-58.49005682,PEATON-CARGAS,PEATON,CARGAS
2020-0056,1,2020-11-21,2020,11,21,13:00:00,13,"PAZ, GRAL. AV. Y DOCTOR RAMON CARRILLO",AVENIDA,8,-34.69843756,-58.47064556,MOTO-CARGAS,MOTO,CARGAS
2020-0057,1,2020-11-23,2020,11,23,7:45:00,7,"NAZCA AV. Y VIALE, LUIS",AVENIDA,11,-34.61945902,-58.4750156,PEATON-AUTO,PEATON,AUTO
2020-0058,1,2020-11-24,2020,11,24,16:00:00,16,"OLIVERA AV. Y FALCON, RAMON L., CNEL.",AVENIDA,10,-34.63652467,-58.48727942,PEATON-AUTO,PEATON,AUTO
2020-0059,1,2020-12-01,2020,12,1,6:35:00,6,BRASIL 1100,CALLE,1,-34.62794241,-58.3795169,PEATON-PASAJEROS,PEATON,PASAJEROS
2020-0060,1,2020-12-03,2020,12,3,20:30:00,20,"HOMERO Y PERON, EVA AV.",AVENIDA,9,-34.65672199,-58.47750832,PEATON-MOTO,PEATON,MOTO
2020-0061,1,2020-12-03,2020,12,3,14:40:00,14,"CANTILO, INT. Y UDAONDO, GUILLERMO AV.",AUTOPISTA,13,-34.54048625,-58.44927253,MOTO-CARGAS,MOTO,CARGAS
2020-0062,1,2020-12-04,2020,12,4,17:19:00,17,MORENO 1845,CALLE,3,-34.61253541,-58.39246272,BICICLETA-PASAJEROS,BICICLETA,PASAJEROS
2020-0063,2,2020-12-05,2020,12,5,7:10:00,7,NUEVA YORK Y ALTA GRACIA,CALLE,11,-34.61047001,-58.52783814,PEATON_MOTO-MOTO,PEATON,MOTO
2020-0065,1,2020-12-05,2020,12,5,16:00:00,16,"PAZ, GRAL. AV. Y GOYENECHE, ROBERTO PARQUE AV.",AVENIDA,12,-34.54836855,-58.49332664,MOTO-AUTO,MOTO,AUTO
2020-0066,1,2020-12-07,2020,12,7,4:30:00,4,AUTOPISTA PERITO MORENO ALTURA ESTACION DE TREN VILLA LURO,AUTOPISTA,10,-34.63593897,-58.50178784,MOTO-OBJETO FIJO,MOTO,OBJETO FIJO
2020-0067,1,2020-12-11,2020,12,11,22:00:00,22,SAENZ AV. Y BEAZLEY,AVENIDA,4,-34.65476216,-58.41657793,PEATON-PASAJEROS,PEATON,PASAJEROS
2020-0068,1,2020-12-12,2020,12,12,20:30:00,20,DEL LIBERTADOR AV. Y AUSTRIA,AVENIDA,2,-34.58307887,-58.39731474,MOTO-AUTO,MOTO,AUTO
2020-0069,1,2020-12-15,2020,12,15,5:20:00,5,"INDEPENDENCIA AV. Y SAENZ PEÑA, LUIS, PRES.",AVENIDA,1,-34.61790839,-58.38746381,MOTO-PASAJEROS,MOTO,PASAJEROS
2020-0070,1,2020-12-17,2020,12,17,15:35:00,15,"CALLAO AV. Y LAS HERAS, GENERAL",AVENIDA,2,-34.59176378,-58.39189441,PEATON-PASAJEROS,PEATON,PASAJEROS
2020-0071,1,2020-12-17,2020,12,17,23:00:00,23,SAN PEDRITO AV. Y DIRECTORIO AV.,AVENIDA,7,-34.63551751,-58.46749188,PEATON-AUTO,PEATON,AUTO
2020-0072,1,2020-12-19,2020,12,19,3:30:00,3,"JUJUY AV. Y CARLOS, CALVO",AVENIDA,3,-34.62113271,-58.40280471,BICICLETA-AUTO,BICICLETA,AUTO
2020-0073,1,2020-12-20,2020,12,20,7:40:00,7,27 DE FEBRERO AV. Y ESCALADA AV.,AVENIDA,8,-34.68475866,-58.44451316,MOTO-OBJETO FIJO,MOTO,OBJETO FIJO
2020-0074,1,2020-12-20,2020,12,20,21:00:00,21,BOGOTA Y NAZCA AV.,AVENIDA,7,-34.62742408,-58.47110424,AUTO-AUTO,AUTO,AUTO
2020-0075,1,2020-12-23,2020,12,23,14:00:00,14,CORRIENTES AV. Y 9 DE JULIO AV.,AVENIDA,1,-34.60373898,-58.38220928,PEATON-PASAJEROS,PEATON,PASAJEROS
2020-0076,1,2020-12-24,2020,12,24,12:30:00,12,ALVAREZ JONTE AV. Y CHIVILCOY,AVENIDA,10,-34.61565025,-58.49794468,AUTO-PASAJEROS,AUTO,PASAJEROS
2020-0077,2,2020-12-25,2020,12,25,6:40:00,6,SAN MARTIN AV. Y PUNTA ARENAS,AVENIDA,15,-34.60111373,-58.47220945,MOTO-AUTO,MOTO,AUTO
2020-0078,1,2020-12-25,2020,12,25,5:50:00,5,BARCO CENTENERA DEL 1118,CALLE,7,-34.63217813,-58.43706741,BICICLETA-PASAJEROS,BICICLETA,PASAJEROS
2020-0079,1,2020-12-27,2020,12,27,4:15:00,4,"PAZ, GRAL. AV. Y ACCESO NORTE - PANAMERICANA",AVENIDA,12,-34.54836855,-58.49332664,MOTO-OBJETO FIJO,MOTO,OBJETO FIJO
2021-0001,1,2021-01-06,2021,1,6,18:00:00,18,AU FRONDIZI KM. 3,AUTOPISTA,1,-34.62622851,-58.37960727,MOTO-AUTO,MOTO,AUTO
2021-0002,1,2021-01-07,2021,1,7,10:20:00,10,"CASTRO, EMILIO AV. Y MURGUIONDO",AVENIDA,9,-34.64972472,-58.51061062,MOTO-CARGAS,MOTO,CARGAS
2021-0003,1,2021-01-10,2021,1,10,7:40:00,7,"AU 25 DE MAYO KM. 3,7",AUTOPISTA,7,-34.62941648,-58.43052224,MOTO-OBJETO FIJO,MOTO,OBJETO FIJO
2021-0004,1,2021-01-11,2021,1,11,9:12:18,9,CASEROS AV. Y GUARANI,AVENIDA,5,-34.63866836,-58.41455544,PEATON-CARGAS,PEATON,CARGAS
2021-0005,1,2021-01-11,2021,1,11,21:30:00,21,"PERON, EVA AV. 3800",AVENIDA,9,-34.64730145,-58.46774439,PEATON-AUTO,PEATON,AUTO
2021-0006,1,2021-01-12,2021,1,12,21:00:00,21,AU ILLIA y SARMIENTO AV.,AUTOPISTA,14,-34.56726817,-58.40786274,MOTO-CARGAS,MOTO,CARGAS
2021-0007,1,2021-01-18,2021,1,18,10:00:00,10,DE LOS CONSTITUYENTES AV. Y GIRIBONE,AVENIDA,15,-34.58622275,-58.48744301,MOTO-MOTO,MOTO,MOTO
2021-0008,1,2021-01-22,2021,1,22,23:30:00,23,"SAENZ AV. Y RABANAL, FRANCISCO, INTENDENTE AV.",AVENIDA,4,-34.65476216,-58.41657793,PEATON-PASAJEROS,PEATON,PASAJEROS
2021-0009,1,2021-01-23,2021,1,23,5:30:00,5,PAYSANDU Y GAONA,AVENIDA,6,-34.61134937,-58.45351111,MOTO-OBJETO FIJO,MOTO,OBJETO FIJO
2021-0010,1,2021-01-23,2021,1,23,8:00:00,8,"PAZ, GRAL. AV. Y BALBIN, RICARDO, DR. AV. ",AVENIDA,12,-34.5497951,-58.5007381,MOTO-AUTO,MOTO,AUTO
2021-0011,1,2021-01-27,2021,1,27,1:04:26,1,SANTA FE AV. 1675,AVENIDA,2,-34.59564871,-58.39144148,PEATON-AUTO,PEATON,AUTO
2021-0012,1,2021-01-29,2021,1,29,20:07:22,20,AU DELLEPIANE Y GUAMINI,AUTOPISTA,8,-34.68385968,-58.48191128,PEATON-AUTO,PEATON,AUTO
2021-0013,1,2021-01-31,2021,1,31,6:10:00,6,"FALCON, RAMON L., CNEL. Y OLIVERA AV.",AVENIDA,10,-34.63652467,-58.48727942,MOTO-OBJETO FIJO,MOTO,OBJETO FIJO
2021-0014,1,2021-02-02,2021,2,2,0:50:00,0,SAN MARTIN AV. Y NOGOYA,AVENIDA,15,-34.59779521,-58.48328708,PEATON-AUTO,PEATON,AUTO
2021-0015,1,2021-02-06,2021,2,6,3:05:00,3,SAN MARTIN AV. Y TINOGASTA,AVENIDA,15,-34.5972499,-58.49018543,MOTO-OBJETO FIJO,MOTO,OBJETO FIJO
2021-0016,1,2021-02-14,2021,2,14,5:50:00,5,"FERNANDEZ DE LA CRUZ, F., GRAL. AV. Y DE LA TORRE, LISANDRO",AVENIDA,8,-34.68482689,-58.47230127,AUTO-OBJETO FIJO,AUTO,OBJETO FIJO
2021-0017,1,2021-02-17,2021,2,17,4:10:00,4,SALTA Y CASEROS AV.,AVENIDA,1,-34.63168269,-58.38262614,MOTO-PASAJEROS,MOTO,PASAJEROS
2021-0018,1,2021-02-20,2021,2,20,19:00:00,19,"JAURES, JEAN Y PERON, JUAN DOMINGO, TTE. GENERAL",CALLE,3,-34.60793518,-58.41047268,PEATON-AUTO,PEATON,AUTO
2021-0019,1,2021-02-21,2021,2,21,1:20:00,1,"TRIUNVIRATO AV. Y LARRALDE, CRISOLOGO AV.",AVENIDA,12,-34.56353635,-58.49659234,MOTO-OBJETO FIJO,MOTO,OBJETO FIJO
2021-0020,1,2021-02-21,2021,2,21,15:00:00,15,POTOSI Y GASCON,CALLE,5,-34.60727189,-58.42462955,PEATON-CARGAS,PEATON,CARGAS
2021-0021,1,2021-02-26,2021,2,26,5:30:00,5,"YRIGOYEN, HIPOLITO Y  24 DE NOVIEMBRE",CALLE,3,-34.61185625,-58.41168345,MOTO-OBJETO FIJO,MOTO,OBJETO FIJO
2021-0022,1,2021-02-28,2021,2,28,12:00:00,12,DEL LIBERTADOR AV. Y ROOSEVELT FRANKLIN D.,AVENIDA,13,-34.55217303,-58.45157681,PASAJEROS-SD,PASAJEROS,SD
2021-0023,1,2021-03-01,2021,3,1,9:20:00,9,"AU BUENOS AIRES LA PLATA  KM 4,5",AUTOPISTA,4,-34.62661813660692,-58.35923565007118,MOTO-CARGAS,MOTO,CARGAS
2021-0024,1,2021-03-03,2021,3,3,16:30:00,16,"PERON, EVA AV. y PIEDRA BUENA AV",AVENIDA,9,-34.67006054,-58.49573651,BICICLETA-CARGAS,BICICLETA,CARGAS
2021-0025,1,2021-03-11,2021,3,11,3:45:00,3,"PAZ, GRAL. AV. y DELLEPIANE, LUIS, TTE. GRAL",AVENIDA,8,-34.68795245,-58.48695354,MOTO-OTRO,MOTO,OTRO
2021-0026,1,2021-03-15,2021,3,15,2:35:00,2,"AU FRONDIZI ALTURA QUINQUELA MARTIN, BENITO",AUTOPISTA,4,-34.64449357,-58.37562539,MOTO-OBJETO FIJO,MOTO,OBJETO FIJO
2021-0027,1,2021-03-16,2021,3,16,15:30:00,15,"PAZ, GRAL. AV. y DONADO",AVENIDA,12,-34.54795581,-58.49491054,MOTO-CARGAS,MOTO,CARGAS
2021-0028,1,2021-03-29,2021,3,29,17:20:00,17,"COREA AV. y TORRES Y TENORIO, PRES",AVENIDA,7,-34.64357704,-58.44147621,PEATON-PASAJEROS,PEATON,PASAJEROS
2021-0029,1,2021-03-31,2021,3,31,18:05:00,18,"FALCON, RAMON L., CNEL. Y SAN PEDRITO AV.",AVENIDA,7,-34.63215432,-58.46899119,AUTO-AUTO,AUTO,AUTO
2021-0030,1,2021-04-03,2021,4,3,18:30:00,18,FINOCHIETTO ENRIQUE DR. 1623,CALLE,4,-34.63455776,-58.38685612,PEATON-PASAJEROS,PEATON,PASAJEROS
2021-0031,1,2021-04-07,2021,4,7,10:29:00,10,9 DE JULIO AV. E INDEPENDENCIA AV.,AVENIDA,1,-34.61765323,-58.38113667,PEATON-CARGAS,PEATON,CARGAS
2021-0032,1,2021-04-10,2021,4,10,19:55:00,19,"AU CANTILO Y GUIRALDES, INT.",AUTOPISTA,13,-34.54538956,-58.44112678,PEATON-MOTO,PEATON,MOTO
2021-0033,1,2021-04-14,2021,4,14,17:50:00,17,AU 25 DE MAYO ALTURA BAJADA BOEDO AV.,AUTOPISTA,5,-34.62743346,-58.41595919,AUTO-OBJETO FIJO,AUTO,OBJETO FIJO
2021-0034,1,2021-04-19,2021,4,19,14:40:00,14,"ALCORTA, AMANCIO AV. y ZAVALETA",AVENIDA,4,-34.64546845,-58.40184094,MOTO-CARGAS,MOTO,CARGAS
2021-0035,1,2021-05-03,2021,5,3,9:20:00,9,"JANER, ANA MARIA Y LAFUENTE AV.",AVENIDA,8,-34.65679806,-58.44642231,MOTO-CARGAS,MOTO,CARGAS
2021-0036,1,2021-05-09,2021,5,9,6:00:00,6,"PAZ, GRAL. AV. Y MOSCONI GENERAL AV.",AVENIDA,11,-34.59798754,-58.52340614,MOTO-OBJETO FIJO,MOTO,OBJETO FIJO
2021-0037,1,2021-05-11,2021,5,11,7:10:00,7,"MONROE Y BALBIN, RICARDO, DR. AV.",AVENIDA,13,-34.56219075,-58.46649069,PEATON-PASAJEROS,PEATON,PASAJEROS
2021-0038,1,2021-05-14,2021,5,14,11:40:00,11,"JUSTO, JUAN B. AV. Y SANTA FE AV.",AVENIDA,14,-34.57816791,-58.42653328,MOTO-CARGAS,MOTO,CARGAS
2021-0039,1,2021-05-15,2021,5,15,12:09:00,12,"OLIDEN Y ALBERDI, JUAN BAUTISTA AV.",AVENIDA,9,-34.65303372,-58.50407099,BICICLETA-AUTO,BICICLETA,AUTO
2021-0040,1,2021-05-20,2021,5,20,5:50:00,5,"PAZ, GRAL. AV. Y DEL LIBERTADOR AV.",AVENIDA,13,-34.53476874,-58.46743471,MOTO-AUTO,MOTO,AUTO
2021-0041,1,2021-05-20,2021,5,20,8:30:00,8,DEL LIBERTADOR AV. Y CASARES AV.,AVENIDA,14,-34.5772806,-58.40986646,PEATON-PASAJEROS,PEATON,PASAJEROS
2021-0042,1,2021-05-21,2021,5,21,5:00:00,5,RIVADAVIA AV. 10900,AVENIDA,9,-34.63931792,-58.51739138,PEATON-PASAJEROS,PEATON,PASAJEROS
2021-0043,1,2021-05-22,2021,5,22,18:26:00,18,"ALBERDI, JUAN BAUTISTA AV. Y PILAR",AVENIDA,9,-34.65556223,-58.50719962,PEATON-AUTO,PEATON,AUTO
2021-0044,1,2021-05-25,2021,5,25,2:00:00,2,"PERON, EVA AV. Y ACOSTA, MARIANO",AVENIDA,9,-34.64600222,-58.46712311,MOTO-OBJETO FIJO,MOTO,OBJETO FIJO
2021-0045,1,2021-05-26,2021,5,26,17:24:00,17,AU FRONDIZI Y SUAREZ AV.,AUTOPISTA,4,-34.64035082,-58.37709334,MULTIPLE,MOTO,MULTIPLE
2021-0046,1,2021-05-31,2021,5,31,2:00:00,2,EL CANO AV. Y GUZMAN AV.,AVENIDA,15,-34.58569883,-58.46033141,AUTO-OBJETO FIJO,AUTO,OBJETO FIJO
2021-0047,1,2021-06-02,2021,6,2,16:00:00,16,"VEDIA, AGUSTIN DE Y RABANAL, FRANCISCO, INTENDENTE AV.",AVENIDA,4,-34.65633192,-58.42190745,MOTO-AUTO,MOTO,AUTO
2021-0048,1,2021-06-03,2021,6,3,9:58:00,9,CAPDEVILLA Y CONGRESO AV.,AVENIDA,12,-34.5698141,-58.49026573,BICICLETA-AUTO,BICICLETA,AUTO
2021-0049,1,2021-06-03,2021,6,3,20:30:00,20,"FERNANDEZ DE LA CRUZ, F., GRAL. AV. 4000",AVENIDA,8,-34.66902702,-58.45410344,AUTO-AUTO,AUTO,AUTO
2021-0050,1,2021-06-10,2021,6,10,13:30:00,13,DEL LIBERTADOR AV. 5958,AVENIDA,13,-34.55719892,-58.44751621,MOTO-PASAJEROS,MOTO,PASAJEROS
2021-0051,1,2021-06-15,2021,6,15,19:20:00,19,27 DE FEBRERO AV. Y EREZCANO AV.,AVENIDA,4,-34.66005171,-58.42040352,PEATON-CARGAS,PEATON,CARGAS
2021-0052,1,2021-06-20,2021,6,20,5:40:00,5,"PAZ, GRAL. AV. 14723",AVENIDA,8,-34.68010798,-58.49530249,MOTO-OBJETO FIJO,MOTO,OBJETO FIJO
2021-0053,1,2021-06-20,2021,6,20,12:00:00,12,CORRIENTES AV. 5783,AVENIDA,15,-34.5947736,-58.44399875,PEATON-BICICLETA,PEATON,BICICLETA
2021-0054,1,2021-06-22,2021,6,22,14:44:00,14,TABARE Y EREZCANO,CALLE,4,-34.65463857,-58.42759813,MOTO-CARGAS,MOTO,CARGAS
2021-0055,1,2021-06-29,2021,6,29,12:20:00,12,CORRIENTES AV. Y PUEYRREDOR AV.,AVENIDA,3,-34.60456293,-58.40547222,MOTO-CARGAS,MOTO,CARGAS
2021-0056,1,2021-07-09,2021,7,9,23:25:00,23,"CORRALES Y MORENO, PERITO AV.",AVENIDA,4,-34.6500828,-58.42473018,BICICLETA-AUTO,BICICLETA,AUTO
2021-0057,1,2021-07-10,2021,7,10,23:30:00,23,"AU ILLIA KM 3.2, ALTURA CABINAS DE PEAJE",AUTOPISTA,2,-34.57563957,-58.39257023,AUTO-OBJETO FIJO,AUTO,OBJETO FIJO
2021-0058,1,2021-07-21,2021,7,21,0:40:00,0,AV. GRAL. PAZ Y VEDIA,AVENIDA,12,-34.54596153,-58.48941042,PEATON-AUTO,PEATON,AUTO
2021-0059,1,2021-07-22,2021,7,22,1:20:00,1,"GARAY, JUAN DE AV. 2269",AVENIDA,3,-34.62783085,-58.3964074,AUTO-OBJETO FIJO,AUTO,OBJETO FIJO
2021-0060,1,2021-07-22,2021,7,22,12:30:00,12,"SALGUERO, JERONIMO Y RIVADAVIA AV.",AVENIDA,5,-34.6111224,-58.41971993,PEATON-PASAJEROS,PEATON,PASAJEROS
2021-0061,1,2021-07-24,2021,7,24,9:15:00,9,"MORENO, PERITO AV. Y ALCORTA, AMANCIO AV.",AVENIDA,4,-34.65012801,-58.40544588,PEATON-CARGAS,PEATON,CARGAS
2021-0062,1,2021-07-27,2021,7,27,7:16:00,7,LA PLATA AV. 2723,AVENIDA,4,-34.64645957,-58.42003882,AUTO-CARGAS,AUTO,CARGAS
2021-0063,1,2021-08-02,2021,8,2,4:40:00,4,"ALBERDI, JUAN BAUTISTA AV. 2906",AVENIDA,7,-34.63348678,-58.46851293,AUTO-AUTO,AUTO,AUTO
2021-0064,1,2021-08-02,2021,8,2,20:00:00,20,"PAZ, GRAL. AV. Y TONELERO",AVENIDA,9,-34.65422917,-58.52931141,PEATON-CARGAS,PEATON,CARGAS
2021-0065,1,2021-08-06,2021,8,6,8:30:00,8,Av. SAN JUAN Y AV. LA PLATA,AVENIDA,6,-34.6269973,-58.42675754,PEATON-PASAJEROS,PEATON,PASAJEROS
2021-0066,1,2021-08-06,2021,8,6,20:00:00,20,Av. LOPE DE VEGA Y AV. GRAL. PAZ,AVENIDA,11,-34.61098186,-58.52933723,PEATON-PASAJEROS,PEATON,PASAJEROS
2021-0067,1,2021-08-08,2021,8,8,9:29:00,9,"AU FRONDIZI KM 2,9 (ALTURA BRASIL)",AUTOPISTA,1,-34.62764718,-58.37910943,MOTO-OBJETO FIJO,MOTO,OBJETO FIJO
2021-0068,1,2021-08-15,2021,8,15,6:10:00,6,"BEIRO, FRANCISCO AV. 5071",AVENIDA,11,-34.61164474,-58.52161176,MOTO-OBJETO FIJO,MOTO,OBJETO FIJO
2021-0069,1,2021-08-20,2021,8,20,17:15:00,17,AV. SANTA FE 3428,AVENIDA,14,-34.5869768,-58.41354692,PEATON-AUTO,PEATON,AUTO
2021-0070,1,2021-08-28,2021,8,28,8:30:00,8,"CHILAVERT, MARTINIANO, CORONEL Y VARELA AV.",AVENIDA,8,-34.65470804,-58.43960781,MOTO-CARGAS,MOTO,CARGAS
2021-0071,1,2021-08-31,2021,8,31,16:00:00,16,SAN LUIS 2730,CALLE,3,-34.60003693,-58.4045461,PEATON-MOTO,PEATON,MOTO
2021-0072,1,2021-09-01,2021,9,1,19:10:00,19,CALLAO AV. Y PARAGUAY,AVENIDA,2,-34.59871111,-58.39303911,PEATON-AUTO,PEATON,AUTO
2021-0073,1,2021-09-18,2021,9,18,12:20:00,12,"DEL LIBERTADOR AV. Y AGOTE, LUIS DR.",AVENIDA,2,-34.58405348,-58.39391034,BICICLETA-AUTO,BICICLETA,AUTO
2021-0074,1,2021-09-20,2021,9,20,15:00:00,15,"PAZ, GRAL. AV. Y BALBIN, RICARDO, DR. AV.",AVENIDA,12,-34.5497951,-58.5007381,MULTIPLE,MOTO,MULTIPLE
2021-0075,1,2021-09-21,2021,9,21,14:30:00,14,SALTA Y BRASIL,CALLE,1,-34.62786038,-58.38281301,PEATON-CARGAS,PEATON,CARGAS
2021-0076,1,2021-10-16,2021,10,16,6:15:00,6,"MORENO, PERITO AV. 2152",AVENIDA,7,-34.65094083,-58.43980799,MOTO-OBJETO FIJO,MOTO,OBJETO FIJO
2021-0077,1,2021-10-18,2021,10,18,7:20:00,7,DIRECTORIO AV. 1169,AVENIDA,6,-34.62933109,-58.44402387,MOTO-CARGAS,MOTO,CARGAS
2021-0078,1,2021-10-23,2021,10,23,6:35:00,6,INDEPENDENCIA AV. Y LA PLATA AV.,AVENIDA,6,-34.62207347,-58.42779702,MOTO-PASAJEROS,MOTO,PASAJEROS
2021-0079,1,2021-10-25,2021,10,25,3:30:00,3,TUCUMAN 3112,CALLE,3,-34.60097942,-58.40944147,PEATON-AUTO,PEATON,AUTO
2021-0080,1,2021-10-28,2021,10,28,16:16:00,16,ARENALES Y 9 DE JULIO AV.,AVENIDA,1,-34.5943016,-58.38277479,MOTO-AUTO,MOTO,AUTO
2021-0081,1,2021-11-02,2021,11,2,13:35:00,13,AU FRONDIZI SUBIDA BRANDSEN,AUTOPISTA,4,-34.63800916,-58.37627355,MOTO-CARGAS,MOTO,CARGAS
2021-0082,1,2021-11-06,2021,11,6,4:39:00,4,AU 25 DE MAYO KM7 (ALTURA PASCO),AUTOPISTA,3,-34.62453459,-58.39591856,MOTO-AUTO,MOTO,AUTO
2021-0083,1,2021-11-09,2021,11,9,0:35:00,0,CABILDO AV. Y OLAZABAL,AVENIDA,13,-34.56015762,-58.45829717,MOTO-AUTO,MOTO,AUTO
2021-0084,1,2021-11-11,2021,11,11,3:00:00,3,TAPALQUE Y BRUIX AV.,AVENIDA,9,-34.64584795,-58.49142611,AUTO-OBJETO FIJO,AUTO,OBJETO FIJO
2021-0085,1,2021-11-20,2021,11,20,18:30:00,18,"PAZ, GRAL. AV. Y EZEIZA",AVENIDA,12,-34.57786555,-58.51271409,MOTO-OBJETO FIJO,MOTO,OBJETO FIJO
2021-0086,1,2021-11-25,2021,11,25,10:10:00,10,RIVADAVIA AV. Y PUAN,AVENIDA,6,-34.62352826,-58.44864864,PEATON-PASAJEROS,PEATON,PASAJEROS
2021-0087,1,2021-11-27,2021,11,27,11:22:00,11,ESMERALDA 1359,CALLE,1,-34.59167894,-58.37795815,PEATON-BICICLETA,PEATON,BICICLETA
2021-0088,1,2021-12-01,2021,12,1,15:40:00,15,AV. MOROE Y 3 DE FEBRERO,CALLE,13,-34.55555257,-58.45531707,MOTO-AUTO,MOTO,AUTO
2021-0089,1,2021-12-02,2021,12,2,1:10:00,1,AV. GAONA 3655,AVENIDA,11,-34.62140594,-58.47633683,MOTO-AUTO,MOTO,AUTO
2021-0090,1,2021-12-10,2021,12,10,11:45:00,11,AV. 9 DE JULIO Y LAVALLE,AVENIDA,1,-34.60256036,-58.38188582,PEATON-PASAJEROS,PEATON,PASAJEROS
2021-0091,1,2021-12-11,2021,12,11,23:00:00,23,BAIGORRIA Y VICTOR HUGO,CALLE,10,-34.62284918,-58.51989389,MOTO-AUTO,MOTO,AUTO
2021-0092,1,2021-12-12,2021,12,12,6:20:00,6,AV. RIVADAVIA Y AV. PUEYRREDON,AVENIDA,3,-34.61011987,-58.4059686,PEATON-AUTO,PEATON,AUTO
2021-0093,1,2021-12-13,2021,12,13,17:10:00,17,AV. RIESTRA Y MOM,AVENIDA,7,-34.64561636,-58.43353773,MOTO-AUTO,MOTO,AUTO
2021-0094,1,2021-12-20,2021,12,20,1:10:00,1,AU DELLEPIANE Y LACARRA,AUTOPISTA,9,-34.65117757,-58.46739825,MOTO-AUTO,MOTO,AUTO
2021-0095,1,2021-12-30,2021,12,30,0:43:00,0,AV. GAONA Y TERRADA,AVENIDA,11,-34.61984745,-58.47293407,MOTO-CARGAS,MOTO,CARGAS
2021-0096,1,2021-12-15,2021,12,15,10:30:00,10,AV. EVA PERON 4071,AVENIDA,9,-34.65021673,-58.47066794,AUTO-CARGAS,AUTO,CARGAS
2021-0097,1,2021-11-18,2021,11,18,6:10:00,6,PADRE CARLOS MUJICA 709,CALLE,1,-34.58679619,-58.37976155,BICICLETA-AUTO,BICICLETA,AUTO
